/*
 Navicat MySQL Data Transfer

 Source Server         : 美度外网
 Source Server Version : 50550
 Source Host           : 120.25.92.106
 Source Database       : matrixtest

 Target Server Version : 50550
 File Encoding         : utf-8

 Date: 12/09/2016 17:33:58 PM
*/

SET NAMES utf8;
SET FOREIGN_KEY_CHECKS = 0;

-- ----------------------------
--  Table structure for `bus_catalog`
-- ----------------------------
DROP TABLE IF EXISTS `bus_catalog`;
CREATE TABLE `bus_catalog` (
  `cata_id` bigint(20) NOT NULL AUTO_INCREMENT,
  `cata_name` varchar(100) DEFAULT NULL COMMENT '分类名称',
  `cata_type` varchar(100) DEFAULT NULL COMMENT '分类的类型',
  `cata_icon` varchar(2000) DEFAULT NULL COMMENT '分类的图标',
  `cata_company_id` bigint(20) DEFAULT NULL COMMENT '所属公司id',
  `parent_id` bigint(20) DEFAULT NULL COMMENT '父级分类',
  `cata_info1` varchar(100) DEFAULT NULL COMMENT '预留字段',
  `cata_info2` varchar(500) DEFAULT NULL,
  `cata_info3` varchar(1000) DEFAULT NULL,
  `cata_info4` varchar(4000) DEFAULT NULL,
  `cata_sequnce` bigint(20) DEFAULT NULL COMMENT '排序字段',
  PRIMARY KEY (`cata_id`)
) ENGINE=InnoDB AUTO_INCREMENT=10 DEFAULT CHARSET=utf8 COMMENT='通用分类表';

-- ----------------------------
--  Records of `bus_catalog`
-- ----------------------------
BEGIN;
INSERT INTO `bus_catalog` VALUES ('4', '二级导航栏', '导航栏分类', null, null, '3', null, null, null, null, null), ('5', '三级导航栏', '导航栏分类', null, null, '4', null, null, null, null, null), ('6', '订单类型', '数据字典类型', null, null, null, null, null, null, null, null), ('8', '服务类型', '数据字典类型', null, null, null, null, null, null, null, null), ('9', '已完成', '数据字典', null, null, '6', null, null, null, null, '11');
COMMIT;

-- ----------------------------
--  Table structure for `bus_parameter_settings`
-- ----------------------------
DROP TABLE IF EXISTS `bus_parameter_settings`;
CREATE TABLE `bus_parameter_settings` (
  `param_id` bigint(20) NOT NULL AUTO_INCREMENT,
  `param_code` varchar(50) DEFAULT NULL COMMENT '参数编码',
  `param_value` varchar(100) DEFAULT NULL COMMENT '参数值',
  `param_value1` varchar(100) DEFAULT NULL COMMENT '值1',
  `param_value2` varchar(200) DEFAULT NULL COMMENT '值2',
  `param_value3` varchar(300) DEFAULT NULL COMMENT '值3',
  PRIMARY KEY (`param_id`)
) ENGINE=InnoDB DEFAULT CHARSET=utf8 COMMENT='通用参数配置表';

-- ----------------------------
--  Table structure for `sys_btn`
-- ----------------------------
DROP TABLE IF EXISTS `sys_btn`;
CREATE TABLE `sys_btn` (
  `btn_id` bigint(20) NOT NULL AUTO_INCREMENT,
  `btn_key` varchar(100) DEFAULT NULL,
  `btn_value` varchar(100) DEFAULT NULL,
  PRIMARY KEY (`btn_id`)
) ENGINE=InnoDB AUTO_INCREMENT=168 DEFAULT CHARSET=utf8;

-- ----------------------------
--  Records of `sys_btn`
-- ----------------------------
BEGIN;
INSERT INTO `sys_btn` VALUES ('142', '新增', 'add'), ('143', '删除', 'del'), ('144', '批量删除', 'dels'), ('145', '编辑', 'edit'), ('146', '搜索', 'search'), ('149', '重置密码', 'reset_password'), ('164', '数据库备份', 'database_backup'), ('165', '还原数据库', 'database_restore'), ('166', '保存', 'save'), ('167', '212', 'sadD\"SAD\">');
COMMIT;

-- ----------------------------
--  Table structure for `sys_company`
-- ----------------------------
DROP TABLE IF EXISTS `sys_company`;
CREATE TABLE `sys_company` (
  `com_id` bigint(20) NOT NULL AUTO_INCREMENT,
  `com_name` varchar(200) DEFAULT NULL,
  `com_boss` varchar(50) DEFAULT NULL COMMENT '法人',
  `com_business_scope` varchar(1000) DEFAULT NULL COMMENT '经营范围',
  `com_address` varchar(500) DEFAULT NULL COMMENT '公司地址',
  `com_boss_tel` varchar(30) DEFAULT NULL COMMENT '法人联系方式',
  `com_tel` varchar(30) DEFAULT NULL COMMENT '公司电话',
  `com_web_url` varchar(500) DEFAULT NULL COMMENT '网站地址',
  `com_email` varchar(100) DEFAULT NULL COMMENT '邮箱',
  `com_introduction` varchar(100) DEFAULT NULL COMMENT '介绍',
  `com_register_time` datetime DEFAULT NULL COMMENT '注册时间',
  `com_bank_account` varchar(500) DEFAULT NULL COMMENT '银行账号',
  `com_organization_code` varchar(500) DEFAULT NULL COMMENT '组织机构代码',
  `com_type` varchar(500) DEFAULT NULL COMMENT '公司类型',
  `com_register_capotal` varchar(100) DEFAULT NULL COMMENT '注册资本',
  `com_age` int(11) DEFAULT NULL COMMENT '经营时间',
  `com_create_time` datetime DEFAULT NULL COMMENT '成立时间',
  `com_register_code` varchar(255) DEFAULT NULL COMMENT '注册代码',
  `com_logo` varchar(1000) DEFAULT NULL,
  `com_valid` varchar(2) DEFAULT NULL COMMENT 'Y 有效，N无效',
  `com_functions` varchar(500) DEFAULT NULL COMMENT '功能s',
  `com_plats` varchar(500) DEFAULT NULL,
  PRIMARY KEY (`com_id`)
) ENGINE=InnoDB AUTO_INCREMENT=34 DEFAULT CHARSET=utf8 COMMENT='公司表';

-- ----------------------------
--  Records of `sys_company`
-- ----------------------------
BEGIN;
INSERT INTO `sys_company` VALUES ('17', '湖南卓景京信息技术有限公司', '舒适', null, '123', '18390563793', null, 'https://www.baidu.com/', null, null, '2016-06-27 09:19:04', null, null, null, null, null, null, null, null, null, '77,80,104,105,97,98,82,78,79,83,84,85,86,100,95,96,94,93,89,90,88,87,91,92,', '11'), ('23', '测试公司', '姜友瑶', null, '', '', null, '', null, null, null, null, null, null, null, null, null, null, null, null, '77,81,80,97,98,82,78,79,', '11'), ('24', '陶>s应', '陶应', null, '110', '13598562323', null, 'https://www.baidu.com', null, null, null, null, null, null, null, null, null, null, null, null, '77,81,80,97,98,82,78,79,83,84,', '11'), ('25', '陶应测试', '测试', null, '', '', null, '', null, null, null, null, null, null, null, null, null, null, null, null, '77,81,80,97,98,82,78,79,83,84,85,86,91,87,88,89,90,92,93,94,95,96,', '11'), ('26', '测试公司', '11', null, '', '', null, '', null, null, null, null, null, null, null, null, null, null, null, null, '', '11');
COMMIT;

-- ----------------------------
--  Table structure for `sys_data_dictionary`
-- ----------------------------
DROP TABLE IF EXISTS `sys_data_dictionary`;
CREATE TABLE `sys_data_dictionary` (
  `dic_id` bigint(20) NOT NULL AUTO_INCREMENT,
  `dic_name` varchar(255) DEFAULT NULL,
  `dic_cate_id` varchar(255) DEFAULT NULL COMMENT '字典类型',
  `dic_sequnce` bigint(20) DEFAULT NULL COMMENT '排序字段',
  PRIMARY KEY (`dic_id`)
) ENGINE=InnoDB DEFAULT CHARSET=utf8 COMMENT='数据字典表';

-- ----------------------------
--  Table structure for `sys_function`
-- ----------------------------
DROP TABLE IF EXISTS `sys_function`;
CREATE TABLE `sys_function` (
  `fn_id` bigint(20) NOT NULL AUTO_INCREMENT,
  `fn_icon` varchar(1000) DEFAULT NULL,
  `fn_path` varchar(100) DEFAULT NULL,
  `fn_is_disable` varchar(4) DEFAULT NULL COMMENT '是禁用吗 是，否',
  `fn_grade` int(11) DEFAULT NULL COMMENT '功能等级',
  `fn_parent_id` bigint(20) DEFAULT NULL COMMENT '父级功能',
  `fn_name` varchar(100) DEFAULT NULL,
  `fn_sequence` int(11) DEFAULT NULL COMMENT '排序字段',
  `fn_code` varchar(100) DEFAULT NULL COMMENT '功能code',
  `fn_btns` varchar(500) DEFAULT NULL COMMENT '功能所具有的按钮',
  `fn_show_menu` varchar(4) DEFAULT NULL COMMENT '是否在菜单栏显示',
  PRIMARY KEY (`fn_id`)
) ENGINE=InnoDB AUTO_INCREMENT=106 DEFAULT CHARSET=utf8 COMMENT='系统功能表';

-- ----------------------------
--  Records of `sys_function`
-- ----------------------------
BEGIN;
INSERT INTO `sys_function` VALUES ('77', 'fa fa-cog', '', '否', '1', null, '系统管理', '10000', 'system', null, '是'), ('78', 'fa fa-shield', 'sys/sysRole-list', '否', '2', '82', '角色管理', '9999', 'role', 'add,del,dels,edit,search', '是'), ('79', 'fa fa-user', 'sys/admin-list', '否', '2', '82', '系统用户', '9998', 'user', 'add,del,dels,edit,search,resetPass', '是'), ('80', 'fa fa-th', 'bus/dictionary-list', '否', '1', '77', '数据字典', '9993', 'dictionary', 'add,del,dels,edit,search', '是'), ('82', 'fa fa-yelp', '', '否', '1', null, '权限管理', '999', 'authority', null, '是'), ('83', 'fa fa-database', '', '否', '1', null, '数据库管理', '996', 'database', null, '是'), ('84', 'fa fa-cloud', 'database/backup', '否', '2', '83', '数据库备份', '995', 'backup', 'edit,search,database_backup,database_restore', '是'), ('85', 'fa fa-cogs', 'database/backupSetting', '否', '2', '83', '数据库备份设置', '960', 'backupSetting', 'save', '是'), ('86', 'fa fa-desktop', '', '否', '1', null, '企业网站管理', '992', 'companyWebset', null, '是'), ('87', '', 'web/articleType-list', '否', '2', '86', '文章类型', '3', 'WebArticleType', 'add,del,dels,edit,search,reset_password,save', '是'), ('88', '', 'web/article-list', '否', '1', '86', '文章管理', '4', 'WebArticle', 'add,del,dels,edit,search,save', '是'), ('89', '', '', '否', '2', '86', '广告栏管理', '6', 'ad', 'add,del,dels,edit,save', '是'), ('90', '', '', '否', '2', '86', '广告位管理', '5', 'adpoint', 'add', '是'), ('91', 'fa fa-cc-mastercard', '', '否', '2', '86', '相册管理', '2', 'ablum', 'add,del,dels,edit,reset_password', '是'), ('92', '', '', '否', '2', '86', '相册分类', '1', 'albumType', 'add,del,dels,edit,reset_password,save', '是'), ('93', '', '', '否', '2', '86', '产品分类', '7', 'product', 'add,del,dels,edit,reset_password', '是'), ('94', '', '', '否', '2', '86', '产品管理', '8', 'productd', 'add,del,dels,edit,save', '是'), ('95', 'fa fa-navicon', 'web/nav-list', '否', '2', '86', '导航栏管理', '11', 'nav', 'add,del,edit,save', '是'), ('96', '', '1', '否', '2', '86', '留言管理', '9', '1', 'del,dels,edit', '是'), ('97', 'fa fa-envelope-o', 'system/emailsetting', '否', '1', '77', '邮箱设置', null, 'emailSetting', 'save', '是'), ('98', 'fa fa-newspaper-o', 'sys/sysLog-list', '否', '1', '77', '系统日志', '9991', 'log', 'del,dels,search', '是'), ('100', 'fa fa-gear', 'web/navType-list', '否', '2', '86', '导航栏类型', '12', 'navType', 'add,del,dels,edit,search,save', '是'), ('104', 'fa fa-newspaper-o', 'bus/dictionaryType-list', '否', '1', '77', '数据字典类型', '9992', 'dictionaryType', 'add,del,dels,edit,search,save', '是'), ('105', 'fa fa-area-chart', 'demo/echarts', '否', '2', '77', '图表demo', '5', 'echarts', null, '是');
COMMIT;

-- ----------------------------
--  Table structure for `sys_log`
-- ----------------------------
DROP TABLE IF EXISTS `sys_log`;
CREATE TABLE `sys_log` (
  `log_id` bigint(20) unsigned NOT NULL AUTO_INCREMENT,
  `user_id` bigint(20) DEFAULT NULL COMMENT '用户id',
  `log_createdate` datetime DEFAULT NULL COMMENT '创建日期',
  `log_content` text COMMENT '日志内容',
  `log_operation` varchar(250) DEFAULT '' COMMENT '用户所做的操作',
  `log_user_name` varchar(100) DEFAULT NULL COMMENT '用户名称',
  `log_ip` varchar(20) DEFAULT NULL COMMENT '使用ip',
  PRIMARY KEY (`log_id`)
) ENGINE=InnoDB AUTO_INCREMENT=139 DEFAULT CHARSET=utf8 COMMENT='系统日志';

-- ----------------------------
--  Records of `sys_log`
-- ----------------------------
BEGIN;
INSERT INTO `sys_log` VALUES ('1', '37', '2016-11-27 21:02:51', 'deleteByIds值:[42] ', 'deleteByIds', '公司管理员', '0:0:0:0:0:0:0:1'), ('2', '1', '2016-11-28 14:44:15', 'insert值:{SysCompany:{comId:24,comName:陶>s应,comBoss:陶应,comBusinessScope:null,comAddress:110,comBossTel:13598562323,comTel:null,comWebUrl:www.baidu.com,comEmail:null,comIntroduction:null,comRegisterTime:null,comBankAccount:null,comOrganizationCode:null,comType:null,comRegisterCapotal:null,comAge:null,comCreateTime:null,comRegisterCode:null,comLogo:null,comValid:null,comFunctions:77,81,80,97,98,,comPlats:11,}} ', 'insert', '超级管理员', '10.0.0.109'), ('3', '1', '2016-11-28 14:47:57', 'insert值:{SysCompany:{comId:25,comName:陶应测试,comBoss:测试,comBusinessScope:null,comAddress:,comBossTel:,comTel:null,comWebUrl:,comEmail:null,comIntroduction:null,comRegisterTime:null,comBankAccount:null,comOrganizationCode:null,comType:null,comRegisterCapotal:null,comAge:null,comCreateTime:null,comRegisterCode:null,comLogo:null,comValid:null,comFunctions:77,81,80,97,98,82,78,79,83,84,85,86,91,87,88,89,90,92,93,94,95,96,,comPlats:11,}} ', 'insert', '超级管理员', '10.0.0.109'), ('4', '1', '2016-11-28 14:54:19', 'insert值:{SysCompany:{comId:26,comName:测试公司,comBoss:11,comBusinessScope:null,comAddress:,comBossTel:,comTel:null,comWebUrl:,comEmail:null,comIntroduction:null,comRegisterTime:null,comBankAccount:null,comOrganizationCode:null,comType:null,comRegisterCapotal:null,comAge:null,comCreateTime:null,comRegisterCode:null,comLogo:null,comValid:null,comFunctions:,comPlats:11,}} ', 'insert', '超级管理员', '10.0.0.109'), ('5', '1', '2016-11-28 14:57:04', 'insert值:{SysCompany:{comId:27,comName:1,comBoss:1,comBusinessScope:null,comAddress:,comBossTel:,comTel:null,comWebUrl:,comEmail:null,comIntroduction:null,comRegisterTime:null,comBankAccount:null,comOrganizationCode:null,comType:null,comRegisterCapotal:null,comAge:null,comCreateTime:null,comRegisterCode:null,comLogo:null,comValid:null,comFunctions:,comPlats:11,}} ', 'insert', '超级管理员', '10.0.0.109'), ('6', '1', '2016-11-28 14:57:14', 'insert值:{SysCompany:{comId:28,comName:1,comBoss:1,comBusinessScope:null,comAddress:,comBossTel:,comTel:null,comWebUrl:,comEmail:null,comIntroduction:null,comRegisterTime:null,comBankAccount:null,comOrganizationCode:null,comType:null,comRegisterCapotal:null,comAge:null,comCreateTime:null,comRegisterCode:null,comLogo:null,comValid:null,comFunctions:,comPlats:11,}} ', 'insert', '超级管理员', '10.0.0.109'), ('7', '1', '2016-11-28 14:57:20', 'insert值:{SysCompany:{comId:29,comName:1,comBoss:1,comBusinessScope:null,comAddress:,comBossTel:,comTel:null,comWebUrl:,comEmail:null,comIntroduction:null,comRegisterTime:null,comBankAccount:null,comOrganizationCode:null,comType:null,comRegisterCapotal:null,comAge:null,comCreateTime:null,comRegisterCode:null,comLogo:null,comValid:null,comFunctions:,comPlats:11,}} ', 'insert', '超级管理员', '10.0.0.109'), ('8', '1', '2016-11-28 14:57:26', 'insert值:{SysCompany:{comId:30,comName:1,comBoss:1,comBusinessScope:null,comAddress:,comBossTel:,comTel:null,comWebUrl:,comEmail:null,comIntroduction:null,comRegisterTime:null,comBankAccount:null,comOrganizationCode:null,comType:null,comRegisterCapotal:null,comAge:null,comCreateTime:null,comRegisterCode:null,comLogo:null,comValid:null,comFunctions:,comPlats:11,}} ', 'insert', '超级管理员', '10.0.0.109'), ('9', '1', '2016-11-28 14:57:32', 'insert值:{SysCompany:{comId:31,comName:1,comBoss:1,comBusinessScope:null,comAddress:,comBossTel:,comTel:null,comWebUrl:,comEmail:null,comIntroduction:null,comRegisterTime:null,comBankAccount:null,comOrganizationCode:null,comType:null,comRegisterCapotal:null,comAge:null,comCreateTime:null,comRegisterCode:null,comLogo:null,comValid:null,comFunctions:,comPlats:11,}} ', 'insert', '超级管理员', '10.0.0.109'), ('10', '1', '2016-11-28 14:57:38', 'insert值:{SysCompany:{comId:32,comName:1,comBoss:1,comBusinessScope:null,comAddress:,comBossTel:,comTel:null,comWebUrl:,comEmail:null,comIntroduction:null,comRegisterTime:null,comBankAccount:null,comOrganizationCode:null,comType:null,comRegisterCapotal:null,comAge:null,comCreateTime:null,comRegisterCode:null,comLogo:null,comValid:null,comFunctions:,comPlats:11,}} ', 'insert', '超级管理员', '10.0.0.109'), ('11', '1', '2016-11-28 15:00:11', 'insert值:{SysCompany:{comId:33,comName:1,comBoss:1,comBusinessScope:null,comAddress:,comBossTel:,comTel:null,comWebUrl:,comEmail:null,comIntroduction:null,comRegisterTime:null,comBankAccount:null,comOrganizationCode:null,comType:null,comRegisterCapotal:null,comAge:null,comCreateTime:null,comRegisterCode:null,comLogo:null,comValid:null,comFunctions:,comPlats:11,}} ', 'insert', '超级管理员', '10.0.0.109'), ('12', '1', '2016-11-28 15:00:16', 'deleteByIds值:[33] ', 'deleteByIds', '超级管理员', '10.0.0.109'), ('13', '1', '2016-11-28 15:08:53', 'insert值:{SysUsers:{suId:44,suName:李伟,suTel:13564497235,suAddress:null,suPhoto:null,suSex:null,roleId:null,suEmail:153644723@qq.com,suAccount:admin1,suPassword:202CB962AC59075B964B07152D234B70,suRegisterTime:Mon Nov 28 15:08:53 CST 2016,suQqId:null,suWeixinId:null,suGrade:null,parentUserId:null,suDeptId:null,suUserType:admin,suWeiboId:null,suIdcard:null,suJobTitle:null,suAliases:null,suJobNo:null,companyId:24,suTel2:null,suAccountStatus:activate,suValidateCode:null,suValidateEndTime:null,suValid:Y,suBirthday:null,suUuid:null,suPostId:null,}} ', 'insert', '超级管理员', '10.0.0.109'), ('14', '1', '2016-11-28 15:13:03', 'insert值:{SysUsers:{suId:45,suName:李丽,suTel:15773119729,suAddress:null,suPhoto:null,suSex:null,roleId:null,suEmail:dfdsgsdgrsg@qq.com,suAccount:admin3,suPassword:EA4CE35C2860112178E8AE2285579919,suRegisterTime:Mon Nov 28 15:13:03 CST 2016,suQqId:null,suWeixinId:null,suGrade:null,parentUserId:null,suDeptId:null,suUserType:admin,suWeiboId:null,suIdcard:null,suJobTitle:null,suAliases:null,suJobNo:null,companyId:24,suTel2:null,suAccountStatus:activate,suValidateCode:null,suValidateEndTime:null,suValid:Y,suBirthday:null,suUuid:null,suPostId:null,}} ', 'insert', '超级管理员', '10.0.0.109'), ('15', '1', '2016-11-28 15:16:42', 'insert值:{SysUsers:{suId:46,suName:we,suTel:13562622356,suAddress:null,suPhoto:null,suSex:null,roleId:null,suEmail:we@qq.com,suAccount:we,suPassword:202CB962AC59075B964B07152D234B70,suRegisterTime:Mon Nov 28 15:16:41 CST 2016,suQqId:null,suWeixinId:null,suGrade:null,parentUserId:null,suDeptId:null,suUserType:admin,suWeiboId:null,suIdcard:null,suJobTitle:null,suAliases:null,suJobNo:null,companyId:27,suTel2:null,suAccountStatus:activate,suValidateCode:null,suValidateEndTime:null,suValid:Y,suBirthday:null,suUuid:null,suPostId:null,}} ', 'insert', '超级管理员', '10.0.0.109'), ('16', '1', '2016-11-28 15:16:47', 'deleteByIds值:[27] ', 'deleteByIds', '超级管理员', '10.0.0.109'), ('17', '44', '2016-11-28 15:48:17', 'insert值:{SysRole:{roleId:27,roleName:业务经理,roleRemark:,companyId:24,plates:null,}} ', 'insert', '李伟', '10.0.0.109'), ('18', '44', '2016-11-28 15:48:32', 'insert值:{SysRole:{roleId:28,roleName:业务经理,roleRemark:,companyId:24,plates:null,}} ', 'insert', '李伟', '10.0.0.109'), ('19', '44', '2016-11-28 15:49:03', 'insert值:{SysRole:{roleId:29,roleName:开发经理,roleRemark:,companyId:24,plates:null,}} ', 'insert', '李伟', '10.0.0.109'), ('20', '44', '2016-11-28 15:51:49', 'insert值:{SysUsers:{suId:47,suName:陶应,suTel:13564421235,suAddress:null,suPhoto:null,suSex:null,roleId:null,suEmail:15454154@qq.com,suAccount:ty,suPassword:81A2FE4C86EB207CC3ABFFF3C040BBD8,suRegisterTime:Mon Nov 28 15:51:49 CST 2016,suQqId:null,suWeixinId:null,suGrade:null,parentUserId:null,suDeptId:null,suUserType:employee,suWeiboId:null,suIdcard:null,suJobTitle:null,suAliases:null,suJobNo:null,companyId:24,suTel2:null,suAccountStatus:activate,suValidateCode:null,suValidateEndTime:null,suValid:Y,suBirthday:null,suUuid:null,suPostId:null,}} ', 'insert', '李伟', '10.0.0.109'), ('21', '29', '2016-11-28 16:21:03', 'insert值:{SysFunction:{fnId:100,fnIcon:fa fa-gear,fnPath:web/navType-list,fnIsDisable:否,fnGrade:2,fnParentId:86,fnName:导航栏类型,fnSequence:11,fnCode:navType,fnBtns:add,del,dels,edit,search,}} ', 'insert', '开发者', '0:0:0:0:0:0:0:1'), ('22', '37', '2016-11-29 09:30:40', 'insert值:{BusCatalog:{cataId:1,cataName:主页面导航栏,cataType:null,cataIcon:null,cataCompanyId:null,parentId:0,cataInfo1:null,cataInfo2:null,cataInfo3:null,cataInfo4:null,cataSequnce:null,}} ', 'insert', '公司管理员', '0:0:0:0:0:0:0:1'), ('23', '37', '2016-11-29 09:30:49', 'deleteByIds值:[1] ', 'deleteByIds', '公司管理员', '0:0:0:0:0:0:0:1'), ('24', '37', '2016-11-29 09:31:03', 'insert值:{BusCatalog:{cataId:2,cataName:主界面导航栏,cataType:null,cataIcon:null,cataCompanyId:null,parentId:0,cataInfo1:null,cataInfo2:null,cataInfo3:null,cataInfo4:null,cataSequnce:null,}} ', 'insert', '公司管理员', '0:0:0:0:0:0:0:1'), ('25', '37', '2016-11-29 09:34:23', 'deleteByIds值:[2] ', 'deleteByIds', '公司管理员', '0:0:0:0:0:0:0:1'), ('26', '37', '2016-11-29 09:34:33', 'insert值:{BusCatalog:{cataId:3,cataName:主导航栏,cataType:导航栏分类,cataIcon:null,cataCompanyId:null,parentId:0,cataInfo1:null,cataInfo2:null,cataInfo3:null,cataInfo4:null,cataSequnce:null,}} ', 'insert', '公司管理员', '0:0:0:0:0:0:0:1'), ('27', '37', '2016-11-29 09:34:58', 'insert值:{BusCatalog:{cataId:4,cataName:次级导航栏,cataType:导航栏分类,cataIcon:null,cataCompanyId:null,parentId:3,cataInfo1:null,cataInfo2:null,cataInfo3:null,cataInfo4:null,cataSequnce:null,}} ', 'insert', '公司管理员', '0:0:0:0:0:0:0:1'), ('28', '37', '2016-11-29 09:55:37', 'insert值:{BusCatalog:{cataId:5,cataName:次次级导航栏,cataType:导航栏分类,cataIcon:null,cataCompanyId:null,parentId:4,cataInfo1:null,cataInfo2:null,cataInfo3:null,cataInfo4:null,cataSequnce:null,}} ', 'insert', '公司管理员', '0:0:0:0:0:0:0:1'), ('29', '37', '2016-11-29 10:31:55', 'insert值:{WebNav:{navId:14,navName:导航栏1,parentId:0,navGrade:null,navUrl:www.baidu.com,navInco:,navDescription:导航栏1,navType:null,navPlat:null,companyId:null,navOrderby:1,}} ', 'insert', '公司管理员', '0:0:0:0:0:0:0:1'), ('30', '37', '2016-11-29 10:32:38', 'insert值:{WebNav:{navId:15,navName:导航栏2,parentId:0,navGrade:null,navUrl:www.baidu.com,navInco:,navDescription:导航栏2,navType:null,navPlat:null,companyId:null,navOrderby:2,}} ', 'insert', '公司管理员', '0:0:0:0:0:0:0:1'), ('31', '37', '2016-11-29 10:34:53', 'insert值:{SysRole:{roleId:30,roleName:12,roleRemark:12,companyId:17,plates:company_plat,}} ', 'insert', '公司管理员', '0:0:0:0:0:0:0:1'), ('32', '37', '2016-11-29 10:42:46', 'deleteByIds值:[15] ', 'deleteByIds', '公司管理员', '0:0:0:0:0:0:0:1'), ('33', '37', '2016-11-29 10:56:47', 'insert值:{WebNav:{navId:16,navName:1111,parentId:0,navGrade:null,navUrl:11,navInco:,navDescription:11,navType:null,navPlat:null,companyId:null,navOrderby:11,}} ', 'insert', '公司管理员', '0:0:0:0:0:0:0:1'), ('34', '44', '2016-11-29 11:13:35', 'insert值:{SysUsers:{suId:48,suName:陶应,suTel:13562264512,suAddress:null,suPhoto:null,suSex:null,roleId:null,suEmail:1536447125@qq.com,suAccount:ty1,suPassword:202CB962AC59075B964B07152D234B70,suRegisterTime:Tue Nov 29 11:13:35 CST 2016,suQqId:null,suWeixinId:null,suGrade:null,parentUserId:null,suDeptId:null,suUserType:employee,suWeiboId:null,suIdcard:null,suJobTitle:null,suAliases:null,suJobNo:null,companyId:24,suTel2:null,suAccountStatus:activate,suValidateCode:null,suValidateEndTime:null,suValid:Y,suBirthday:null,suUuid:null,suPostId:null,}} ', 'insert', '李伟', '10.0.0.103'), ('35', '44', '2016-11-29 11:14:14', 'insert值:{SysUsers:{suId:49,suName:11,suTel:13562624512,suAddress:null,suPhoto:null,suSex:null,roleId:null,suEmail:15454154@qq.com,suAccount:11,suPassword:202CB962AC59075B964B07152D234B70,suRegisterTime:Tue Nov 29 11:14:14 CST 2016,suQqId:null,suWeixinId:null,suGrade:null,parentUserId:null,suDeptId:null,suUserType:employee,suWeiboId:null,suIdcard:null,suJobTitle:null,suAliases:null,suJobNo:null,companyId:24,suTel2:null,suAccountStatus:activate,suValidateCode:null,suValidateEndTime:null,suValid:Y,suBirthday:null,suUuid:null,suPostId:null,}} ', 'insert', '李伟', '10.0.0.103'), ('36', '44', '2016-11-29 11:15:07', 'insert值:{SysUsers:{suId:50,suName:111,suTel:13564421235,suAddress:null,suPhoto:null,suSex:null,roleId:null,suEmail:13564421235@qq.com,suAccount:111,suPassword:202CB962AC59075B964B07152D234B70,suRegisterTime:Tue Nov 29 11:15:07 CST 2016,suQqId:null,suWeixinId:null,suGrade:null,parentUserId:null,suDeptId:null,suUserType:employee,suWeiboId:null,suIdcard:null,suJobTitle:null,suAliases:null,suJobNo:null,companyId:24,suTel2:null,suAccountStatus:activate,suValidateCode:null,suValidateEndTime:null,suValid:Y,suBirthday:null,suUuid:null,suPostId:null,}} ', 'insert', '李伟', '10.0.0.103'), ('37', '37', '2016-11-29 11:20:29', 'insert值:{WebNav:{navId:17,navName:111,parentId:14,navGrade:null,navUrl:11,navInco:,navDescription:11,navType:null,navPlat:null,companyId:null,navOrderby:111,}} ', 'insert', '公司管理员', '0:0:0:0:0:0:0:1'), ('38', '1', '2016-11-29 11:24:49', 'deleteByIds值:[28, 29, 30, 31, 32] ', 'deleteByIds', '超级管理员', '10.0.0.103'), ('39', '37', '2016-11-29 11:35:31', 'insert值:{WebNav:{navId:18,navName:3333,parentId:14,navGrade:null,navUrl:333,navInco:,navDescription:333,navType:4,navPlat:null,companyId:null,navOrderby:333,}} ', 'insert', '公司管理员', '0:0:0:0:0:0:0:1'), ('40', '44', '2016-11-29 11:43:14', 'insert值:{SysRole:{roleId:31,roleName:产品经理,roleRemark:测试新增角色,companyId:24,plates:null,}} ', 'insert', '李伟', '10.0.0.103'), ('41', '44', '2016-11-29 11:44:20', 'insert值:{SysUsers:{suId:51,suName:陶应新增一个用户,suTel:13564478256,suAddress:null,suPhoto:null,suSex:null,roleId:null,suEmail:513644723@qq.com,suAccount:110,suPassword:202CB962AC59075B964B07152D234B70,suRegisterTime:Tue Nov 29 11:44:20 CST 2016,suQqId:null,suWeixinId:null,suGrade:null,parentUserId:null,suDeptId:null,suUserType:employee,suWeiboId:null,suIdcard:null,suJobTitle:null,suAliases:null,suJobNo:null,companyId:24,suTel2:null,suAccountStatus:activate,suValidateCode:null,suValidateEndTime:null,suValid:Y,suBirthday:null,suUuid:null,suPostId:null,}} ', 'insert', '李伟', '10.0.0.103'), ('42', '37', '2016-11-29 12:30:52', 'insert值:{WebArticleType:{articleTypeId:1,articleTypeName:123,articleTypeParentId:null,articleTypeSort:null,articleTypeDescription:null,articleTypeUrl:null,articleTypeIcon:null,articleTypeType:null,}} ', 'insert', '公司管理员', '127.0.0.1'), ('43', '37', '2016-11-29 12:43:22', 'insert值:{WebArticleType:{articleTypeId:2,articleTypeName:111,articleTypeParentId:0,articleTypeSort:null,articleTypeDescription:null,articleTypeUrl:null,articleTypeIcon:null,articleType:null,}} ', 'insert', '公司管理员', '127.0.0.1'), ('44', '37', '2016-11-29 13:02:14', 'insert值:{WebArticleType:{articleTypeId:3,articleTypeName:123,articleTypeParentId:0,articleTypeSort:1,articleTypeDescription:一级文章,articleTypeUrl:null,articleTypeIcon:fa fa-bus,articleType:null,}} ', 'insert', '公司管理员', '127.0.0.1'), ('45', '37', '2016-11-29 13:26:37', 'insert值:{WebArticleType:{articleTypeId:4,articleTypeName:2111,articleTypeParentId:2,articleTypeSort:1,articleTypeDescription:二级文章分类,articleTypeUrl:null,articleTypeIcon:,articleType:null,}} ', 'insert', '公司管理员', '127.0.0.1'), ('46', '37', '2016-11-29 14:12:58', 'deleteByIds值:[16] ', 'deleteByIds', '公司管理员', '0:0:0:0:0:0:0:1'), ('47', '1', '2016-11-29 14:26:22', 'deleteByIds值:[259] ', 'deleteByIds', '超级管理员', '127.0.0.1'), ('48', '1', '2016-11-29 14:26:22', 'deleteByIds值:[261] ', 'deleteByIds', '超级管理员', '127.0.0.1'), ('49', '1', '2016-11-29 14:26:22', 'deleteByIds值:[260] ', 'deleteByIds', '超级管理员', '127.0.0.1'), ('50', '1', '2016-11-29 14:26:22', 'deleteByIds值:[262] ', 'deleteByIds', '超级管理员', '127.0.0.1'), ('51', '1', '2016-11-29 14:26:23', 'deleteByIds值:[263] ', 'deleteByIds', '超级管理员', '127.0.0.1'), ('52', '1', '2016-11-29 14:26:23', 'deleteByIds值:[264] ', 'deleteByIds', '超级管理员', '127.0.0.1'), ('53', '1', '2016-11-29 14:26:23', 'deleteByIds值:[265] ', 'deleteByIds', '超级管理员', '127.0.0.1'), ('54', '1', '2016-11-29 14:26:23', 'deleteByIds值:[266] ', 'deleteByIds', '超级管理员', '127.0.0.1'), ('55', '1', '2016-11-29 14:26:23', 'deleteByIds值:[267] ', 'deleteByIds', '超级管理员', '127.0.0.1'), ('56', '1', '2016-11-29 14:26:23', 'deleteByIds值:[268] ', 'deleteByIds', '超级管理员', '127.0.0.1'), ('57', '1', '2016-11-29 14:26:23', 'deleteByIds值:[269] ', 'deleteByIds', '超级管理员', '127.0.0.1'), ('58', '1', '2016-11-29 14:26:23', 'deleteByIds值:[270] ', 'deleteByIds', '超级管理员', '127.0.0.1'), ('59', '1', '2016-11-29 14:26:24', 'deleteByIds值:[281] ', 'deleteByIds', '超级管理员', '127.0.0.1'), ('60', '1', '2016-11-29 14:26:24', 'deleteByIds值:[279] ', 'deleteByIds', '超级管理员', '127.0.0.1'), ('61', '1', '2016-11-29 14:26:24', 'deleteByIds值:[280] ', 'deleteByIds', '超级管理员', '127.0.0.1'), ('62', '1', '2016-11-29 14:26:24', 'deleteByIds值:[278] ', 'deleteByIds', '超级管理员', '127.0.0.1'), ('63', '1', '2016-11-29 14:26:24', 'deleteByIds值:[277] ', 'deleteByIds', '超级管理员', '127.0.0.1'), ('64', '1', '2016-11-29 14:26:24', 'deleteByIds值:[273] ', 'deleteByIds', '超级管理员', '127.0.0.1'), ('65', '1', '2016-11-29 14:26:24', 'deleteByIds值:[274] ', 'deleteByIds', '超级管理员', '127.0.0.1'), ('66', '1', '2016-11-29 14:26:24', 'deleteByIds值:[272] ', 'deleteByIds', '超级管理员', '127.0.0.1'), ('67', '1', '2016-11-29 14:26:24', 'deleteByIds值:[271] ', 'deleteByIds', '超级管理员', '127.0.0.1'), ('68', '1', '2016-11-29 14:26:25', 'deleteByIds值:[275] ', 'deleteByIds', '超级管理员', '127.0.0.1'), ('69', '1', '2016-11-29 14:26:25', 'deleteByIds值:[276] ', 'deleteByIds', '超级管理员', '127.0.0.1'), ('70', '37', '2016-11-29 14:51:51', 'insert值:{WebArticleType:{articleTypeId:5,articleTypeName:213,articleTypeParentId:3,articleTypeSort:1,articleTypeDescription:二级文章分类,articleTypeUrl:null,articleTypeIcon:,articleType:null,}} ', 'insert', '公司管理员', '127.0.0.1'), ('71', '37', '2016-11-29 14:52:26', 'insert值:{WebArticleType:{articleTypeId:6,articleTypeName:企鹅,articleTypeParentId:2,articleTypeSort:2,articleTypeDescription:二级文章分类,articleTypeUrl:null,articleTypeIcon:,articleType:null,}} ', 'insert', '公司管理员', '127.0.0.1'), ('72', '37', '2016-11-29 14:52:46', 'insert值:{WebArticleType:{articleTypeId:7,articleTypeName:123,articleTypeParentId:4,articleTypeSort:1,articleTypeDescription:,articleTypeUrl:null,articleTypeIcon:,articleType:null,}} ', 'insert', '公司管理员', '127.0.0.1'), ('73', '44', '2016-11-29 14:57:42', 'insert值:{SysRole:{roleId:32,roleName:测试一级,roleRemark:666,companyId:24,plates:null,}} ', 'insert', '李伟', '10.0.0.103'), ('74', '44', '2016-11-29 14:58:44', 'insert值:{SysUsers:{suId:52,suName:1111,suTel:13526262356,suAddress:null,suPhoto:null,suSex:null,roleId:null,suEmail:1512121@qq.com,suAccount:1111,suPassword:202CB962AC59075B964B07152D234B70,suRegisterTime:Tue Nov 29 14:58:44 CST 2016,suQqId:null,suWeixinId:null,suGrade:null,parentUserId:null,suDeptId:null,suUserType:employee,suWeiboId:null,suIdcard:null,suJobTitle:null,suAliases:null,suJobNo:null,companyId:24,suTel2:null,suAccountStatus:activate,suValidateCode:null,suValidateEndTime:null,suValid:Y,suBirthday:null,suUuid:null,suPostId:null,}} ', 'insert', '李伟', '10.0.0.103'), ('75', '37', '2016-11-29 17:24:04', 'insert值:{WebArticleType:{articleTypeId:8,articleTypeName:2122,articleTypeParentId:4,articleTypeSort:2,articleTypeDescription:三级,articleTypeUrl:null,articleTypeIcon:,articleType:null,}} ', 'insert', '公司管理员', '127.0.0.1'), ('76', '37', '2016-11-29 18:42:23', 'deleteByIds值:[7] ', 'deleteByIds', '公司管理员', '127.0.0.1'), ('77', '1', '2016-11-30 09:25:37', 'insert值:{SysUsers:{suId:53,suName:admin5,suTel:13598568956,suAddress:null,suPhoto:null,suSex:null,roleId:null,suEmail:admin5@qq.com,suAccount:admin5,suPassword:202CB962AC59075B964B07152D234B70,suRegisterTime:Wed Nov 30 09:25:36 CST 2016,suQqId:null,suWeixinId:null,suGrade:null,parentUserId:null,suDeptId:null,suUserType:admin,suWeiboId:null,suIdcard:null,suJobTitle:null,suAliases:null,suJobNo:null,companyId:24,suTel2:null,suAccountStatus:activate,suValidateCode:null,suValidateEndTime:null,suValid:Y,suBirthday:null,suUuid:null,suPostId:null,}} ', 'insert', '超级管理员', '10.0.0.109'), ('78', '1', '2016-11-30 09:26:06', 'insert值:{SysUsers:{suId:54,suName:admin6,suTel:13612451245,suAddress:null,suPhoto:null,suSex:null,roleId:null,suEmail:admin6@qq.com,suAccount:admin6,suPassword:202CB962AC59075B964B07152D234B70,suRegisterTime:Wed Nov 30 09:26:06 CST 2016,suQqId:null,suWeixinId:null,suGrade:null,parentUserId:null,suDeptId:null,suUserType:admin,suWeiboId:null,suIdcard:null,suJobTitle:null,suAliases:null,suJobNo:null,companyId:24,suTel2:null,suAccountStatus:activate,suValidateCode:null,suValidateEndTime:null,suValid:Y,suBirthday:null,suUuid:null,suPostId:null,}} ', 'insert', '超级管理员', '10.0.0.109'), ('79', '1', '2016-11-30 09:26:25', 'insert值:{SysUsers:{suId:55,suName:admin7,suTel:13859568956,suAddress:null,suPhoto:null,suSex:null,roleId:null,suEmail:admin7@qq.com,suAccount:admin7,suPassword:202CB962AC59075B964B07152D234B70,suRegisterTime:Wed Nov 30 09:26:25 CST 2016,suQqId:null,suWeixinId:null,suGrade:null,parentUserId:null,suDeptId:null,suUserType:admin,suWeiboId:null,suIdcard:null,suJobTitle:null,suAliases:null,suJobNo:null,companyId:24,suTel2:null,suAccountStatus:activate,suValidateCode:null,suValidateEndTime:null,suValid:Y,suBirthday:null,suUuid:null,suPostId:null,}} ', 'insert', '超级管理员', '10.0.0.109'), ('80', '37', '2016-11-30 14:00:33', 'deleteByIds值:[1] ', 'deleteByIds', '公司管理员', '127.0.0.1'), ('81', '37', '2016-11-30 14:10:00', 'insert值:{WebArticle:{articleId:2,articleTypeId:6,articleAuthor:admin,articleTitle:1,articleIsPublish:null,articleAbstract:,articleContent:<img src=\" http://127.0.0.1:1088/uploadeFile/images/1480486195364.png\" />1233,articleImage:null,articleSort:1,articleCreatetiem:null,articleUrl:null,}} ', 'insert', '公司管理员', '127.0.0.1'), ('82', '37', '2016-11-30 14:20:14', 'insert值:{WebArticle:{articleId:3,articleTypeId:6,articleAuthor:admin,articleTitle:测试,articleIsPublish:是,articleAbstract:,articleContent:<img src=\" http://127.0.0.1:1088/uploadeFile/images/1480486813304.png\" />,articleImage:null,articleSort:1,articleCreatetiem:Wed Nov 30 14:20:14 CST 2016,articleUrl:null,}} ', 'insert', '公司管理员', '127.0.0.1'), ('83', '37', '2016-11-30 14:30:33', 'deleteByIds值:[2, 3] ', 'deleteByIds', '公司管理员', '127.0.0.1'), ('84', '37', '2016-11-30 14:31:25', 'insert值:{WebArticle:{articleId:4,articleTypeId:2,articleAuthor:admin,articleTitle:测试1,articleIsPublish:是,articleAbstract:,articleContent:1213x<img src=\" http://127.0.0.1:1088/uploadeFile/images/1480487460699.png\" />,articleImage:null,articleSort:1,articleCreatetiem:Wed Nov 30 14:31:25 CST 2016,articleUrl:null,}} ', 'insert', '公司管理员', '127.0.0.1'), ('85', '37', '2016-11-30 14:32:03', 'insert值:{WebArticle:{articleId:5,articleTypeId:0,articleAuthor:的,articleTitle:当前,articleIsPublish:是,articleAbstract:,articleContent:,articleImage:null,articleSort:2,articleCreatetiem:Wed Nov 30 14:32:02 CST 2016,articleUrl:null,}} ', 'insert', '公司管理员', '127.0.0.1'), ('86', '37', '2016-11-30 14:32:13', 'deleteByIds值:[5] ', 'deleteByIds', '公司管理员', '127.0.0.1'), ('87', '37', '2016-11-30 14:33:05', 'insert值:{WebArticle:{articleId:6,articleTypeId:2,articleAuthor:123\">,articleTitle:123\">,articleIsPublish:是,articleAbstract:2112e\">,articleContent:qd2,articleImage:null,articleSort:123,articleCreatetiem:Wed Nov 30 14:33:05 CST 2016,articleUrl:null,}} ', 'insert', '公司管理员', '127.0.0.1'), ('88', '37', '2016-11-30 14:36:33', 'insert值:{WebArticleType:{articleTypeId:9,articleTypeName:123\">,articleTypeParentId:0,articleTypeSort:1231,articleTypeDescription:123\">,articleTypeUrl:null,articleTypeIcon:,articleType:null,}} ', 'insert', '公司管理员', '127.0.0.1'), ('89', '29', '2016-11-30 14:40:26', 'insert值:{SysFunction:{fnId:101,fnIcon:,fnPath:,fnIsDisable:否,fnGrade:2,fnParentId:77,fnName:图表demo,fnSequence:5,fnCode:echarts,fnBtns:null,}} ', 'insert', '开发者', '127.0.0.1'), ('90', '29', '2016-11-30 14:41:37', 'deleteByIds值:[101] ', 'deleteByIds', '开发者', '127.0.0.1'), ('91', '29', '2016-11-30 14:42:20', 'insert值:{SysFunction:{fnId:102,fnIcon:,fnPath:system/echarts,fnIsDisable:否,fnGrade:2,fnParentId:77,fnName:图表列表,fnSequence:-17,fnCode:echarts,fnBtns:null,}} ', 'insert', '开发者', '127.0.0.1'), ('92', '1', '2016-11-30 14:43:56', 'deleteByIds值:[300] ', 'deleteByIds', '超级管理员', '127.0.0.1'), ('93', '1', '2016-11-30 14:43:56', 'deleteByIds值:[302] ', 'deleteByIds', '超级管理员', '127.0.0.1'), ('94', '1', '2016-11-30 14:43:56', 'deleteByIds值:[301] ', 'deleteByIds', '超级管理员', '127.0.0.1'), ('95', '29', '2016-11-30 14:44:41', 'deleteByIds值:[102] ', 'deleteByIds', '开发者', '127.0.0.1'), ('96', '29', '2016-11-30 14:45:32', 'insert值:{SysFunction:{fnId:103,fnIcon:fa fa-area-chart,fnPath:system/echarts,fnIsDisable:否,fnGrade:2,fnParentId:77,fnName:图表demo,fnSequence:3,fnCode:echarts,fnBtns:null,}} ', 'insert', '开发者', '127.0.0.1'), ('97', '37', '2016-11-30 17:18:27', 'insert值:{WebArticleType:{articleTypeId:10,articleTypeName:测试二,articleTypeParentId:0,articleTypeSort:2,articleTypeDescription:一级文章类型,articleTypeUrl:null,articleTypeIcon:,articleType:null,}} ', 'insert', '公司管理员', '127.0.0.1'), ('98', '37', '2016-11-30 17:19:04', 'insert值:{WebArticleType:{articleTypeId:11,articleTypeName:测试,articleTypeParentId:10,articleTypeSort:1,articleTypeDescription:二级文章类型,articleTypeUrl:null,articleTypeIcon:,articleType:null,}} ', 'insert', '公司管理员', '127.0.0.1'), ('99', '37', '2016-11-30 17:24:56', 'deleteByIds值:[9] ', 'deleteByIds', '公司管理员', '127.0.0.1'), ('100', '37', '2016-11-30 17:25:44', 'insert值:{WebArticle:{articleId:7,articleTypeId:6,articleAuthor: admin,articleTitle:123,articleIsPublish:是,articleAbstract:,articleContent:<img src=\"http://127.0.0.1:1088/uploadeFile/images/1480497923750.png\" />,articleImage:null,articleSort:2,articleCreatetiem:Wed Nov 30 17:25:43 CST 2016,articleUrl:null,}} ', 'insert', '公司管理员', '127.0.0.1'), ('101', '37', '2016-11-30 17:26:53', 'deleteByIds值:[6] ', 'deleteByIds', '公司管理员', '127.0.0.1'), ('102', '37', '2016-11-30 17:27:37', 'deleteByIds值:[7] ', 'deleteByIds', '公司管理员', '127.0.0.1'), ('103', '37', '2016-11-30 17:27:44', 'deleteByIds值:[4, 6] ', 'deleteByIds', '公司管理员', '127.0.0.1'), ('104', '37', '2016-11-30 17:28:15', 'insert值:{WebArticleType:{articleTypeId:12,articleTypeName:企鹅,articleTypeParentId:2,articleTypeSort:1,articleTypeDescription:123\">,articleTypeUrl:null,articleTypeIcon:,articleType:null,}} ', 'insert', '公司管理员', '127.0.0.1'), ('105', '37', '2016-11-30 17:28:39', 'insert值:{WebArticle:{articleId:8,articleTypeId:12,articleAuthor: admin,articleTitle:123,articleIsPublish:是,articleAbstract:,articleContent:1232,articleImage:null,articleSort:1,articleCreatetiem:Wed Nov 30 17:28:38 CST 2016,articleUrl:null,}} ', 'insert', '公司管理员', '127.0.0.1'), ('106', '29', '2016-12-01 09:23:25', 'insert值:{SysFunction:{fnId:104,fnIcon:fa fa-newspaper-o,fnPath:dictionaryType-list,fnIsDisable:否,fnGrade:1,fnParentId:null,fnName:数据字典类型,fnSequence:null,fnCode:dictionaryType,fnBtns:add,del,search,save,}} ', 'insert', '开发者', '127.0.0.1'), ('107', '29', '2016-12-01 10:00:27', 'deleteByIds值:[81] ', 'deleteByIds', '开发者', '127.0.0.1'), ('108', '37', '2016-12-01 10:43:11', 'insert值:{BusCatalog:{cataId:6,cataName:订单类型,cataType:导航栏分类,cataIcon:null,cataCompanyId:null,parentId:null,cataInfo1:null,cataInfo2:null,cataInfo3:null,cataInfo4:null,cataSequnce:null,}} ', 'insert', '公司管理员', '127.0.0.1'), ('109', '37', '2016-12-01 10:44:49', 'insert值:{BusCatalog:{cataId:7,cataName:服务类型,cataType:null,cataIcon:null,cataCompanyId:null,parentId:null,cataInfo1:null,cataInfo2:null,cataInfo3:null,cataInfo4:null,cataSequnce:null,}} ', 'insert', '公司管理员', '127.0.0.1'), ('110', '37', '2016-12-01 10:45:15', 'insert值:{BusCatalog:{cataId:8,cataName:服务类型,cataType:数据字典类型,cataIcon:null,cataCompanyId:null,parentId:null,cataInfo1:null,cataInfo2:null,cataInfo3:null,cataInfo4:null,cataSequnce:null,}} ', 'insert', '公司管理员', '127.0.0.1'), ('111', '37', '2016-12-01 11:22:54', 'insert值:{BusCatalog:{cataId:9,cataName:已完成,cataType:数据字典,cataIcon:null,cataCompanyId:null,parentId:6,cataInfo1:null,cataInfo2:null,cataInfo3:null,cataInfo4:null,cataSequnce:11,}} ', 'insert', '公司管理员', '127.0.0.1'), ('112', '37', '2016-12-01 11:37:53', 'insert值:{WebArticleType:{artTypeId:13,artTypeName:ces ,artTypeParentId:0,artTypeSort:1,artTypeDescription:1,artTypeUrl:null,artTypeIcon:,artType:null,}} ', 'insert', '公司管理员', '127.0.0.1'), ('113', '37', '2016-12-01 11:41:58', 'insert值:{WebArticleType:{artTypeId:14,artTypeName:测试1,artTypeParentId:0,artTypeSort:1,artTypeDescription:1,artTypeUrl:null,artTypeIcon:,artType:null,}} ', 'insert', '公司管理员', '127.0.0.1'), ('114', '37', '2016-12-01 11:42:15', 'insert值:{WebArticleType:{artTypeId:15,artTypeName:测试1-1,artTypeParentId:0,artTypeSort:1,artTypeDescription:2,artTypeUrl:null,artTypeIcon:fa fa-area-chart,artType:null,}} ', 'insert', '公司管理员', '127.0.0.1'), ('115', '37', '2016-12-01 11:43:37', 'insert值:{WebArticleType:{artTypeId:16,artTypeName:11,artTypeParentId:14,artTypeSort:21,artTypeDescription:1,artTypeUrl:null,artTypeIcon:fa fa-birthday-cake,artType:null,}} ', 'insert', '公司管理员', '127.0.0.1'), ('116', '37', '2016-12-01 13:36:44', 'deleteByIds值:[13] ', 'deleteByIds', '公司管理员', '127.0.0.1'), ('117', '37', '2016-12-01 13:55:57', 'deleteByIds值:[15, 16, 14] ', 'deleteByIds', '公司管理员', '127.0.0.1'), ('118', '37', '2016-12-01 13:57:04', 'insert值:{WebArticleType:{artTypeId:17,artTypeName:ces111,artTypeParentId:0,artTypeSort:1,artTypeDescription:1,artTypeUrl:null,artTypeIcon:fa fa-area-chart,artType:null,}} ', 'insert', '公司管理员', '127.0.0.1'), ('119', '37', '2016-12-01 13:57:20', 'insert值:{WebArticleType:{artTypeId:18,artTypeName:cs22,artTypeParentId:17,artTypeSort:12,artTypeDescription:1,artTypeUrl:null,artTypeIcon:fa fa-area-chart,artType:null,}} ', 'insert', '公司管理员', '127.0.0.1'), ('120', '37', '2016-12-01 13:57:31', 'insert值:{WebArticleType:{artTypeId:19,artTypeName:ce3,artTypeParentId:0,artTypeSort:1,artTypeDescription:1,artTypeUrl:null,artTypeIcon:,artType:null,}} ', 'insert', '公司管理员', '127.0.0.1'), ('121', '37', '2016-12-01 13:57:44', 'insert值:{WebArticleType:{artTypeId:20,artTypeName:as,artTypeParentId:19,artTypeSort:1,artTypeDescription:1,artTypeUrl:null,artTypeIcon:fa fa-at,artType:null,}} ', 'insert', '公司管理员', '127.0.0.1'), ('122', '37', '2016-12-01 13:58:15', 'insert值:{WebArticleType:{artTypeId:21,artTypeName:23123\">,artTypeParentId:0,artTypeSort:13,artTypeDescription:123\">,artTypeUrl:null,artTypeIcon:fa fa-cc,artType:null,}} ', 'insert', '公司管理员', '127.0.0.1'), ('123', '37', '2016-12-01 13:58:59', 'deleteByIds值:[20, 19] ', 'deleteByIds', '公司管理员', '127.0.0.1'), ('124', '37', '2016-12-01 13:59:06', 'deleteByIds值:[21] ', 'deleteByIds', '公司管理员', '127.0.0.1'), ('125', '37', '2016-12-01 14:02:21', 'insert值:{WebArticle:{artId:9,artTypeId:17,artAuthor: admin,artTitle:123,artIsPublish:是,artAbstract:q21313\"&gt;,artContent:q21313\"&gt;,artImage:,artSort:1,artCreatetiem:Thu Dec 01 14:02:21 CST 2016,artUrl:null,}} ', 'insert', '公司管理员', '127.0.0.1'), ('126', '37', '2016-12-01 14:02:53', 'insert值:{WebArticle:{artId:10,artTypeId:18,artAuthor: admin\">,artTitle:1122\">,artIsPublish:否,artAbstract:121\">,artContent:,artImage:,artSort:1,artCreatetiem:Thu Dec 01 14:02:53 CST 2016,artUrl:null,}} ', 'insert', '公司管理员', '127.0.0.1'), ('127', '37', '2016-12-01 14:03:23', 'insert值:{WebArticle:{artId:11,artTypeId:18,artAuthor: admin,artTitle:1,artIsPublish:是,artAbstract:,artContent:121,artImage:,artSort:1,artCreatetiem:Thu Dec 01 14:03:23 CST 2016,artUrl:null,}} ', 'insert', '公司管理员', '127.0.0.1'), ('128', '37', '2016-12-01 14:03:37', 'deleteByIds值:[9, 11] ', 'deleteByIds', '公司管理员', '127.0.0.1'), ('129', '37', '2016-12-01 14:03:58', 'insert值:{WebArticle:{artId:12,artTypeId:18,artAuthor: qwe,artTitle:131,artIsPublish:是,artAbstract:121321,artContent:121321,artImage:,artSort:1,artCreatetiem:Thu Dec 01 14:03:58 CST 2016,artUrl:null,}} ', 'insert', '公司管理员', '127.0.0.1'), ('130', '37', '2016-12-01 14:04:22', 'deleteByIds值:[12] ', 'deleteByIds', '公司管理员', '127.0.0.1'), ('131', '37', '2016-12-01 14:49:10', 'insert值:{WebArticle:{artId:13,artTypeId:18,artAuthor: admin,artTitle:1,artIsPublish:是,artAbstract:,artContent:swd2dw,artImage:,artSort:1,artCreatetiem:Thu Dec 01 14:49:10 CST 2016,artUrl:null,}} ', 'insert', '公司管理员', '127.0.0.1'), ('132', '29', '2016-12-01 14:52:43', 'deleteByIds值:[103] ', 'deleteByIds', '开发者', '127.0.0.1'), ('133', '29', '2016-12-01 14:53:23', 'insert值:{SysFunction:{fnId:105,fnIcon:fa fa-area-chart,fnPath:demo/echarts,fnIsDisable:否,fnGrade:2,fnParentId:77,fnName:图表demo,fnSequence:5,fnCode:echarts,fnBtns:null,}} ', 'insert', '开发者', '127.0.0.1'), ('134', '37', '2016-12-01 15:01:02', 'insert值:{WebArticle:{artId:14,artTypeId:18,artAuthor: admin,artTitle:123,artIsPublish:是,artAbstract:,artContent:123,artImage:http://127.0.0.1:1088/uploadeFile/image/20161201/112_597.png,artSort:1,artCreatetiem:Thu Dec 01 15:01:02 CST 2016,artUrl:null,}} ', 'insert', '公司管理员', '127.0.0.1'), ('135', '37', '2016-12-01 16:58:32', 'insert值:{WebArticle:{artId:15,artTypeId:0,artAuthor: admin,artTitle:123,artIsPublish:是,artAbstract:<img src=\"http://127.0.0.1:1088/uploadeFile/image/20161201/1480582690033.png\" />,artContent:<img src=\"http://127.0.0.1:1088/uploadeFile/image/20161201/1480582690033.png\" />,artImage:http://127.0.0.1:1088/uploadeFile/112_283.png,artSort:1,artCreatetiem:Thu Dec 01 16:58:32 CST 2016,artUrl:null,}} ', 'insert', '公司管理员', '127.0.0.1'), ('136', '37', '2016-12-08 21:01:50', 'insert值:{SysUsers:{suId:56,suName:12121,suTel:18344444444,suAddress:null,suPhoto:null,suSex:null,roleId:null,suEmail:qq@1.cn,suAccount:0,suPassword:202CB962AC59075B964B07152D234B70,suRegisterTime:Thu Dec 08 21:01:50 CST 2016,suQqId:null,suWeixinId:null,suGrade:null,parentUserId:null,suDeptId:null,suUserType:employee,suWeiboId:null,suIdcard:null,suJobTitle:null,suAliases:null,suJobNo:null,companyId:17,suTel2:null,suAccountStatus:activate,suValidateCode:null,suValidateEndTime:null,suValid:Y,suBirthday:null,suUuid:null,suPostId:null,}} ', 'insert', '公司管理员', '0:0:0:0:0:0:0:1'), ('137', '29', '2016-12-09 08:22:09', 'insert值:{SysBtn:{btnId:167,btnKey:212,btnValue:sadD\"SAD\">,}} ', 'insert', '开发者', '0:0:0:0:0:0:0:1'), ('138', '37', '2016-12-09 09:07:30', 'deleteByIds值:[3] ', 'deleteByIds', '公司管理员', '0:0:0:0:0:0:0:1');
COMMIT;

-- ----------------------------
--  Table structure for `sys_plat`
-- ----------------------------
DROP TABLE IF EXISTS `sys_plat`;
CREATE TABLE `sys_plat` (
  `plat_id` bigint(20) NOT NULL AUTO_INCREMENT,
  `plat_name` varchar(20) DEFAULT NULL COMMENT '平台名称',
  `plat_code` varchar(20) DEFAULT NULL COMMENT '平台编号',
  `plat_url` varchar(500) DEFAULT NULL COMMENT '平台访问地址',
  `company_id` bigint(20) DEFAULT NULL COMMENT '公司id',
  PRIMARY KEY (`plat_id`)
) ENGINE=InnoDB AUTO_INCREMENT=12 DEFAULT CHARSET=utf8;

-- ----------------------------
--  Records of `sys_plat`
-- ----------------------------
BEGIN;
INSERT INTO `sys_plat` VALUES ('11', '企业平台', 'company_plat', null, null);
COMMIT;

-- ----------------------------
--  Table structure for `sys_role`
-- ----------------------------
DROP TABLE IF EXISTS `sys_role`;
CREATE TABLE `sys_role` (
  `role_id` bigint(20) NOT NULL AUTO_INCREMENT,
  `role_name` varchar(100) DEFAULT NULL,
  `role_remark` varchar(200) DEFAULT NULL,
  `company_id` bigint(20) DEFAULT NULL,
  `plates` varchar(500) DEFAULT NULL COMMENT '角色所拥有的平台',
  PRIMARY KEY (`role_id`)
) ENGINE=InnoDB AUTO_INCREMENT=33 DEFAULT CHARSET=utf8;

-- ----------------------------
--  Records of `sys_role`
-- ----------------------------
BEGIN;
INSERT INTO `sys_role` VALUES ('26', '12', '', '23', 'company_plat'), ('27', '业务经理', '', '24', null), ('28', '业务经理', '', '24', null), ('29', '开 发 经 理 1 1 开 发 经 理 1 1 开 发 经 理 1 1 开发经理11开发经理1 1', '开 发 经 理 1 1 开 发 经 理 1 1 开 发 经 理 1 1 开发经理11开发经理1 1', '24', null), ('30', '12', '12', '17', 'company_plat'), ('31', '产品经理', '测试新增角色', '24', 'company_plat'), ('32', '测试一级', '666', '24', null);
COMMIT;

-- ----------------------------
--  Table structure for `sys_role_pwoer_fn`
-- ----------------------------
DROP TABLE IF EXISTS `sys_role_pwoer_fn`;
CREATE TABLE `sys_role_pwoer_fn` (
  `rpf_id` bigint(20) NOT NULL AUTO_INCREMENT,
  `role_id` bigint(20) DEFAULT NULL COMMENT '角色id',
  `fn_id` bigint(20) DEFAULT NULL COMMENT '功能id',
  `rpf_btns` varchar(500) DEFAULT NULL COMMENT '按钮s',
  PRIMARY KEY (`rpf_id`)
) ENGINE=InnoDB AUTO_INCREMENT=303 DEFAULT CHARSET=utf8;

-- ----------------------------
--  Records of `sys_role_pwoer_fn`
-- ----------------------------
BEGIN;
INSERT INTO `sys_role_pwoer_fn` VALUES ('95', '24', '77', ''), ('96', '24', '80', 'add,del,dels,edit,search'), ('97', '24', '81', 'add,del,dels,edit,search'), ('98', '24', '97', 'save'), ('99', '24', '98', 'del,dels,search'), ('108', '25', '77', ''), ('109', '25', '80', 'add,del,dels,edit,search'), ('110', '25', '81', 'add,del,dels,edit,search'), ('111', '25', '97', 'save'), ('112', '25', '98', 'del,dels,search'), ('113', '25', '82', ''), ('114', '25', '78', 'add,del,dels,edit,search'), ('115', '25', '79', 'dels,reset_password'), ('116', '26', '82', ''), ('117', '26', '78', 'add,del,dels,edit,search'), ('118', '26', '79', 'add,del,dels,edit,search'), ('129', '28', '83', ''), ('130', '28', '84', 'edit,search,database_backup,database_restore'), ('240', '29', '77', ''), ('241', '29', '80', 'add,del,dels,edit,search'), ('242', '29', '81', 'add,del,dels,edit,search'), ('243', '29', '97', 'save'), ('244', '29', '98', 'del,dels,search'), ('245', '29', '82', ''), ('246', '29', '78', 'add,del,dels,edit,search'), ('247', '29', '79', 'add,dels,edit,search'), ('292', '31', '77', ''), ('293', '31', '80', 'add,del,dels,edit,search'), ('294', '31', '81', 'add,del,dels,edit,search'), ('295', '31', '97', 'save'), ('296', '31', '98', 'del,dels,search'), ('297', '31', '82', ''), ('298', '31', '78', 'add,del,dels,edit,search'), ('299', '31', '79', 'add,del,dels,edit,search');
COMMIT;

-- ----------------------------
--  Table structure for `sys_users`
-- ----------------------------
DROP TABLE IF EXISTS `sys_users`;
CREATE TABLE `sys_users` (
  `su_id` bigint(20) NOT NULL AUTO_INCREMENT,
  `su_name` varchar(100) DEFAULT NULL COMMENT '真实姓名',
  `su_tel` varchar(20) DEFAULT NULL COMMENT '电话号码',
  `su_address` varchar(200) DEFAULT NULL COMMENT '住址',
  `su_photo` varchar(1000) DEFAULT NULL COMMENT '头像',
  `su_sex` varchar(10) DEFAULT NULL COMMENT '性别',
  `role_id` bigint(20) DEFAULT NULL COMMENT '角色',
  `su_email` varchar(100) DEFAULT NULL COMMENT '邮箱',
  `su_account` varchar(100) DEFAULT NULL COMMENT '账号',
  `su_password` varchar(100) DEFAULT NULL COMMENT '密码',
  `su_register_time` datetime DEFAULT NULL COMMENT '注册时间',
  `su_qq_id` varchar(200) DEFAULT NULL COMMENT 'qqid',
  `su_weixin_id` varchar(200) DEFAULT NULL COMMENT '微信id',
  `su_grade` varchar(255) DEFAULT NULL COMMENT '等级',
  `parent_user_id` bigint(20) DEFAULT NULL COMMENT '推荐人',
  `su_dept_id` bigint(20) DEFAULT NULL COMMENT '部门',
  `su_user_type` varchar(200) DEFAULT NULL COMMENT '用户类型',
  `su_weibo_id` varchar(200) DEFAULT NULL COMMENT '微博id',
  `su_idcard` varchar(30) DEFAULT NULL COMMENT '身份证',
  `su_job_title` varchar(30) DEFAULT NULL COMMENT '职称',
  `su_aliases` varchar(100) DEFAULT NULL COMMENT '别名，昵称',
  `su_job_no` varchar(100) DEFAULT NULL COMMENT '工作编号',
  `company_id` bigint(20) DEFAULT NULL COMMENT '公司id',
  `su_tel2` varchar(20) DEFAULT NULL COMMENT '备用电话号码',
  `su_account_status` varchar(200) DEFAULT NULL COMMENT '账户状态',
  `su_validate_end_time` datetime DEFAULT NULL COMMENT '激活最后时间',
  `su_valid` varchar(2) DEFAULT NULL COMMENT 'Y 有效，N无效',
  `su_validate_code` varchar(500) DEFAULT NULL COMMENT '激活码',
  `su_birthday` datetime DEFAULT NULL COMMENT '生日',
  `su_uuid` varchar(100) DEFAULT NULL COMMENT '用户uuid',
  `su_post_id` bigint(20) DEFAULT NULL COMMENT '岗位id',
  `role_ids` varchar(50) DEFAULT NULL COMMENT '用户权限集合',
  PRIMARY KEY (`su_id`)
) ENGINE=InnoDB AUTO_INCREMENT=57 DEFAULT CHARSET=utf8;

-- ----------------------------
--  Records of `sys_users`
-- ----------------------------
BEGIN;
INSERT INTO `sys_users` VALUES ('1', '超级管理员', '18390563793', null, null, null, null, '935090232@qq.com', 'super', '202CB962AC59075B964B07152D234B70', null, null, null, null, null, null, 'super', null, null, null, null, null, '17', null, 'activate', null, 'Y', null, null, null, null, null), ('29', '开发者', '18390563793', null, null, null, null, '9350902323@qq.com', 'zking', '202CB962AC59075B964B07152D234B70', null, null, null, null, null, null, 'developer', null, null, null, null, null, '17', null, 'activate', null, 'Y', null, '2016-09-06 10:29:32', null, null, null), ('37', '公司管理员', '15512322222', null, null, null, null, '18229856946@163.com', 'admin', '202CB962AC59075B964B07152D234B70', '2016-11-10 23:09:08', null, null, null, null, null, 'admin', null, null, null, null, null, '17', null, 'activate', null, 'Y', null, null, null, null, null), ('43', '姜友瑶', '18390999999', null, null, null, null, '935@q.com', 'admin2', '202CB962AC59075B964B07152D234B70', '2016-11-27 11:59:54', null, null, null, null, null, 'admin', null, null, null, null, null, '23', null, 'activate', null, 'Y', null, null, null, null, null), ('44', '李伟', '13564497235', null, null, null, null, '153644723@qq.com', 'admin1', '202CB962AC59075B964B07152D234B70', '2016-11-28 15:08:53', null, null, null, null, null, 'admin', null, null, null, null, null, '24', null, 'activate', null, 'Y', null, null, null, null, null), ('45', '李丽', '15773119729', null, null, null, null, 'dfdsgsdgrsg@qq.com', 'admin3', 'EA4CE35C2860112178E8AE2285579919', '2016-11-28 15:13:03', null, null, null, null, null, 'admin', null, null, null, null, null, '24', null, 'activate', null, 'Y', null, null, null, null, null), ('46', 'we', '13562622356', null, null, null, null, 'we@qq.com', 'admin4', '202CB962AC59075B964B07152D234B70', '2016-11-28 15:16:41', null, null, null, null, null, 'admin', null, null, null, null, null, '24', null, 'activate', null, 'Y', null, null, null, null, null), ('47', '陶应', '13564421235', null, null, null, null, '15454154@qq.com', 'ty', '81A2FE4C86EB207CC3ABFFF3C040BBD8', '2016-11-28 15:51:49', null, null, null, null, null, 'employee', null, null, null, null, null, '24', null, 'activate', null, 'Y', null, null, null, null, '29'), ('48', '陶应', '13562264512', null, null, null, null, '1536447125@qq.com', 'ty1', '202CB962AC59075B964B07152D234B70', '2016-11-29 11:13:35', null, null, null, null, null, 'employee', null, null, null, null, null, '24', null, 'activate', null, 'Y', null, null, null, null, '27,28,29'), ('49', '11', '13562624512', null, null, null, null, '15454154@qq.com', '11', '202CB962AC59075B964B07152D234B70', '2016-11-29 11:14:14', null, null, null, null, null, 'employee', null, null, null, null, null, '24', null, 'activate', null, 'Y', null, null, null, null, '29'), ('50', '111', '13564421235', null, null, null, null, '13564421235@qq.com', '111', '202CB962AC59075B964B07152D234B70', '2016-11-29 11:15:07', null, null, null, null, null, 'employee', null, null, null, null, null, '24', null, 'activate', null, 'Y', null, null, null, null, '28'), ('51', '陶应新增一个用户', '13564478256', null, null, null, null, '513644723@qq.com', '110', '202CB962AC59075B964B07152D234B70', '2016-11-29 11:44:20', null, null, null, null, null, 'employee', null, null, null, null, null, '24', null, 'activate', null, 'Y', null, null, null, null, '31'), ('52', '1111', '13526262356', null, null, null, null, '1512121@qq.com', '1111', '202CB962AC59075B964B07152D234B70', '2016-11-29 14:58:44', null, null, null, null, null, 'employee', null, null, null, null, null, '24', null, 'activate', null, 'Y', null, null, null, null, '32'), ('53', 'admin5', '13598568956', null, null, null, null, 'admin5@qq.com', 'admin5', '202CB962AC59075B964B07152D234B70', '2016-11-30 09:25:36', null, null, null, null, null, 'admin', null, null, null, null, null, '24', null, 'activate', null, 'Y', null, null, null, null, null), ('54', 'admin6', '13612451245', null, null, null, null, 'admin6@qq.com', 'admin6', '202CB962AC59075B964B07152D234B70', '2016-11-30 09:26:06', null, null, null, null, null, 'admin', null, null, null, null, null, '24', null, 'activate', null, 'Y', null, null, null, null, null), ('55', 'admin7', '13859568956', null, null, null, null, 'admin7@qq.com', 'admin7', '202CB962AC59075B964B07152D234B70', '2016-11-30 09:26:25', null, null, null, null, null, 'admin', null, null, null, null, null, '24', null, 'activate', null, 'Y', null, null, null, null, null), ('56', '12121', '18344444444', null, null, null, null, 'qq@1.cn', '0', '202CB962AC59075B964B07152D234B70', '2016-12-08 21:01:50', null, null, null, null, null, 'employee', null, null, null, null, null, '17', null, 'activate', null, 'Y', null, null, null, null, '30');
COMMIT;

-- ----------------------------
--  Table structure for `web_article`
-- ----------------------------
DROP TABLE IF EXISTS `web_article`;
CREATE TABLE `web_article` (
  `art_id` bigint(20) NOT NULL AUTO_INCREMENT,
  `art_type_id` bigint(20) DEFAULT NULL COMMENT '文章类型Id',
  `art_author` varchar(50) CHARACTER SET utf8 DEFAULT NULL COMMENT '文章作者',
  `art_title` varchar(50) CHARACTER SET utf8 DEFAULT NULL COMMENT '文章标题',
  `art_isPublish` varchar(50) CHARACTER SET utf8 DEFAULT NULL COMMENT '是否发布',
  `art_abstract` varchar(255) CHARACTER SET utf8 DEFAULT NULL COMMENT '摘要',
  `art_content` longtext CHARACTER SET utf8 COMMENT '内容',
  `art_image` varchar(1000) CHARACTER SET utf8 DEFAULT NULL COMMENT '展示图片',
  `art_sort` int(11) DEFAULT NULL COMMENT '排序',
  `art_createtiem` datetime DEFAULT NULL COMMENT '创建时间',
  `art_url` varchar(1000) CHARACTER SET utf8 DEFAULT NULL COMMENT '链接地址（预留）',
  PRIMARY KEY (`art_id`)
) ENGINE=InnoDB AUTO_INCREMENT=16 DEFAULT CHARSET=latin1;

-- ----------------------------
--  Records of `web_article`
-- ----------------------------
BEGIN;
INSERT INTO `web_article` VALUES ('10', '17', ' admin\">  ', '1122\">', '是', '121\">', 'weq', '', '1', '2016-12-01 14:02:53', null), ('13', '17', ' admin     ', '1', '是', '', 'swd2dw', 'http://127.0.0.1:1088/uploadeFile/image/20161201/112_159.png', '1', '2016-12-01 14:49:10', null), ('14', '18', ' admin ', '123', '是', '123', '123', 'http://127.0.0.1:1088/uploadeFile/image/20161201/112_597.png', '1', '2016-12-01 15:01:02', null), ('15', '18', ' admin ', '123', '是', '<img src=\"http://127.0.0.1:1088/uploadeFile/image/20161201/1480582690033.png\" />', '<img src=\"http://127.0.0.1:1088/uploadeFile/image/20161201/1480582690033.png\" />', 'http://127.0.0.1:1088/uploadeFile/112_283.png', '1', '2016-12-01 16:58:32', null);
COMMIT;

-- ----------------------------
--  Table structure for `web_article_type`
-- ----------------------------
DROP TABLE IF EXISTS `web_article_type`;
CREATE TABLE `web_article_type` (
  `art_type_id` bigint(20) NOT NULL AUTO_INCREMENT,
  `art_type_name` varchar(50) CHARACTER SET utf8 DEFAULT NULL COMMENT '文章类型名称',
  `art_type_parentId` bigint(20) DEFAULT NULL COMMENT '父级id',
  `art_type_sort` int(11) DEFAULT NULL COMMENT '排序',
  `art_type_description` varchar(255) CHARACTER SET utf8 DEFAULT NULL COMMENT '文章类型描叙',
  `art_type_url` varchar(1000) CHARACTER SET utf8 DEFAULT NULL COMMENT '链接地址',
  `art_type_icon` varchar(255) CHARACTER SET utf8 DEFAULT NULL COMMENT '图标',
  `art_type` varchar(255) CHARACTER SET utf8 DEFAULT NULL COMMENT '预留字段（文章类型）',
  PRIMARY KEY (`art_type_id`)
) ENGINE=InnoDB AUTO_INCREMENT=22 DEFAULT CHARSET=latin1;

-- ----------------------------
--  Records of `web_article_type`
-- ----------------------------
BEGIN;
INSERT INTO `web_article_type` VALUES ('17', 'ces22', '18', '11', '11', null, 'fa fa-area-chart', null), ('18', 'cs22', '0', '12', '1', null, 'fa fa-area-chart', null);
COMMIT;

-- ----------------------------
--  Table structure for `web_nav`
-- ----------------------------
DROP TABLE IF EXISTS `web_nav`;
CREATE TABLE `web_nav` (
  `nav_id` bigint(20) NOT NULL AUTO_INCREMENT,
  `nav_name` varchar(200) DEFAULT NULL COMMENT '导航名称',
  `parent_id` bigint(20) DEFAULT NULL COMMENT '父级导航',
  `nav_grade` int(11) DEFAULT NULL COMMENT '导航等级',
  `nav_url` varchar(1000) DEFAULT NULL COMMENT '链接地址',
  `nav_inco` varchar(1000) DEFAULT NULL COMMENT '图标',
  `nav_description` varchar(1000) DEFAULT NULL COMMENT '描述',
  `nav_type` varchar(110) DEFAULT NULL COMMENT '类型',
  `nav_plat` int(11) DEFAULT NULL COMMENT '所属平台',
  `company_id` bigint(20) DEFAULT NULL,
  `nav_orderby` int(11) DEFAULT NULL,
  PRIMARY KEY (`nav_id`)
) ENGINE=InnoDB AUTO_INCREMENT=19 DEFAULT CHARSET=utf8;

-- ----------------------------
--  Records of `web_nav`
-- ----------------------------
BEGIN;
INSERT INTO `web_nav` VALUES ('14', '导航栏1', '0', null, 'www.baidu.com', '', '导航栏1', null, null, null, '1'), ('17', '111', '14', null, '11', '', '11', '4', null, null, '111'), ('18', 'aaa', '14', null, '333', '', 'aa', '4', null, null, '333');
COMMIT;

SET FOREIGN_KEY_CHECKS = 1;

-- ----------------------------
--  Table structure for `sys_db_backup`
-- ----------------------------
DROP TABLE IF EXISTS `sys_db_backup`;
CREATE TABLE `sys_db_backup` (
  `bu_id` bigint(20) NOT NULL AUTO_INCREMENT COMMENT '备份表id',
  `bu_db_ip` varchar(20) DEFAULT NULL COMMENT '数据库ip地址',
  `bu_db_port` varchar(10) DEFAULT NULL COMMENT '数据库端口号',
  `bu_db_name` varchar(50) DEFAULT NULL COMMENT '数据库名称',
  `bu_db_uname` varchar(50) DEFAULT NULL COMMENT '数据库用户名',
  `bu_db_pwd` varchar(50) DEFAULT NULL COMMENT '数据库用户密码',
  `bu_status` varchar(1) DEFAULT '0' COMMENT '备份状态（0.失败 1.成功）',
  `bu_size` int(20) DEFAULT NULL COMMENT '备份文件大小',
  `bu_path` varchar(100) DEFAULT NULL COMMENT '备份文件路径',
  `bu_err_msg` varchar(200) DEFAULT NULL COMMENT '备份错误信息',
  PRIMARY KEY (`bu_id`)
) ENGINE=InnoDB DEFAULT CHARSET=utf8 COMMENT='数据库备份信息表';

-- ----------------------------
--  Table structure for `bus_area`
-- ----------------------------
DROP TABLE IF EXISTS `bus_area`;
CREATE TABLE `bus_area` (
  `area_id` bigint(20) NOT NULL,
  `area_name` varchar(200) DEFAULT NULL,
  `parent_id` bigint(20) DEFAULT NULL,
  PRIMARY KEY (`area_id`)
) ENGINE=InnoDB DEFAULT CHARSET=utf8 ROW_FORMAT=COMPACT COMMENT='地区';

-- ----------------------------
--  Records of `bus_area`
-- ----------------------------
BEGIN;
INSERT INTO `bus_area` VALUES ('1', '北京市', '0'), ('2', '上海市', '0'), ('3', '天津市', '0'), ('4', '重庆市', '0'), ('5', '黑龙江省', '0'), ('6', '吉林省', '0'), ('7', '辽宁省', '0'), ('8', '山东省', '0'), ('9', '山西省', '0'), ('10', '陕西省', '0'), ('11', '河北省', '0'), ('12', '河南省', '0'), ('13', '湖北省', '0'), ('14', '湖南省', '0'), ('15', '海南省', '0'), ('16', '江苏省', '0'), ('17', '江西省', '0'), ('18', '广东省', '0'), ('19', '广西省', '0'), ('20', '云南省', '0'), ('21', '贵州省', '0'), ('22', '四川省', '0'), ('23', '内蒙古自治区 ', '0'), ('24', '宁夏回族自治区 ', '0'), ('25', '甘肃省', '0'), ('26', '青海省', '0'), ('27', '西藏自治区 ', '0'), ('28', '新疆维吾尔自治区 ', '0'), ('29', '安徽省', '0'), ('30', '浙江省', '0'), ('31', '福建省', '0'), ('32', '香港特别行政区 ', '0'), ('33', '澳门特别行政区 ', '0'), ('34', '台湾省', '0'), ('35', '东城区', '1'), ('36', '西城区', '1'), ('37', '崇文区', '1'), ('38', '宣武区', '1'), ('39', '朝阳区', '1'), ('40', '丰台区', '1'), ('41', '石景山区', '1'), ('42', '海淀区', '1'), ('43', '门头沟区', '1'), ('44', '房山区', '1'), ('45', '通州区', '1'), ('46', '顺义区', '1'), ('47', '昌平区', '1'), ('48', '大兴区', '1'), ('49', '怀柔区', '1'), ('50', '平谷区', '1'), ('51', '密云县', '1'), ('52', '延庆县', '1'), ('53', '黄浦区', '2'), ('54', '卢湾区', '2'), ('55', '徐汇区', '2'), ('56', '长宁区', '2'), ('57', '静安区', '2'), ('58', '普陀区', '2'), ('59', '闸北区', '2'), ('60', '虹口区', '2'), ('61', '杨浦区', '2'), ('62', '闵行区', '2'), ('63', '宝山区', '2'), ('64', '嘉定区', '2'), ('65', '浦东新区', '2'), ('66', '金山区', '2'), ('67', '松江区', '2'), ('68', '青浦区', '2'), ('69', '南汇区', '2'), ('70', '奉贤区', '2'), ('71', '崇明县', '2'), ('72', '和平区', '3'), ('73', '河东区', '3'), ('74', '河西区', '3'), ('75', '南开区', '3'), ('76', '河北区', '3'), ('77', '红桥区', '3'), ('78', '塘沽区', '3'), ('79', '汉沽区', '3'), ('80', '大港区', '3'), ('81', '东丽区', '3'), ('82', '西青区', '3'), ('83', '津南区', '3'), ('84', '北辰区', '3'), ('85', '武清区', '3'), ('86', '宝坻区', '3'), ('87', '宁河县', '3'), ('88', '静海县', '3'), ('89', '蓟县', '3'), ('90', '万州区', '4'), ('91', '涪陵区', '4'), ('92', '渝中区', '4'), ('93', '大渡口区', '4'), ('94', '江北区', '4'), ('95', '沙坪坝区', '4'), ('96', '九龙坡区', '4'), ('97', '南岸区', '4'), ('98', '北碚区', '4'), ('99', '万盛区', '4'), ('100', '双桥区', '4'), ('101', '渝北区', '4'), ('102', '巴南区', '4'), ('103', '黔江区', '4'), ('104', '长寿区', '4'), ('105', '江津区', '4'), ('106', '合川区', '4'), ('107', '永川区', '4'), ('108', '南川区', '4'), ('109', '綦江县', '4'), ('110', '潼南县', '4'), ('111', '铜梁县', '4'), ('112', '大足县', '4'), ('113', '荣昌县', '4'), ('114', '璧山县', '4'), ('115', '梁平县', '4'), ('116', '城口县', '4'), ('117', '丰都县', '4'), ('118', '垫江县', '4'), ('119', '武隆县', '4'), ('120', '忠县', '4'), ('121', '开县', '4'), ('122', '云阳县', '4'), ('123', '奉节县', '4'), ('124', '巫山县', '4'), ('125', '巫溪县', '4'), ('126', '石柱土家族自治县', '4'), ('127', '秀山土家族苗族自治县', '4'), ('128', '酉阳土家族苗族自治县', '4'), ('129', '彭水苗族土家族自治县', '4'), ('130', '哈尔滨市', '5'), ('131', '齐齐哈尔市', '5'), ('132', '鸡西市', '5'), ('133', '鹤岗市', '5'), ('134', '双鸭山市', '5'), ('135', '大庆市', '5'), ('136', '伊春市', '5'), ('137', '佳木斯市', '5'), ('138', '七台河市', '5'), ('139', '牡丹江市', '5'), ('140', '黑河市', '5'), ('141', '绥化市', '5'), ('142', '大兴安岭地区', '5'), ('143', '长春市', '6'), ('144', '吉林市', '6'), ('145', '四平市', '6'), ('146', '辽源市', '6'), ('147', '通化市', '6'), ('148', '白山市', '6'), ('149', '松原市', '6'), ('150', '白城市', '6'), ('151', '延边朝鲜族自治州', '6'), ('152', '沈阳市', '7'), ('153', '大连市', '7'), ('154', '鞍山市', '7'), ('155', '抚顺市', '7'), ('156', '本溪市', '7'), ('157', '丹东市', '7'), ('158', '锦州市', '7'), ('159', '营口市', '7'), ('160', '阜新市', '7'), ('161', '辽阳市', '7'), ('162', '盘锦市', '7'), ('163', '铁岭市', '7'), ('164', '朝阳市', '7'), ('165', '葫芦岛市', '7'), ('166', '济南市', '8'), ('167', '青岛市', '8'), ('168', '淄博市', '8'), ('169', '枣庄市', '8'), ('170', '东营市', '8'), ('171', '烟台市', '8'), ('172', '潍坊市', '8'), ('173', '济宁市', '8'), ('174', '泰安市', '8'), ('175', '威海市', '8'), ('176', '日照市', '8'), ('177', '莱芜市', '8'), ('178', '临沂市', '8'), ('179', '德州市', '8'), ('180', '聊城市', '8'), ('181', '滨州市', '8'), ('182', '菏泽市', '8'), ('183', '太原市', '9'), ('184', '大同市', '9'), ('185', '阳泉市', '9'), ('186', '长治市', '9'), ('187', '晋城市', '9'), ('188', '朔州市', '9'), ('189', '晋中市', '9'), ('190', '运城市', '9'), ('191', '忻州市', '9'), ('192', '临汾市', '9'), ('193', '吕梁市', '9'), ('194', '西安市', '10'), ('195', '铜川市', '10'), ('196', '宝鸡市', '10'), ('197', '咸阳市', '10'), ('198', '渭南市', '10'), ('199', '延安市', '10'), ('200', '汉中市', '10'), ('201', '榆林市', '10'), ('202', '安康市', '10'), ('203', '商洛市', '10'), ('204', '石家庄市', '11'), ('205', '唐山市', '11'), ('206', '秦皇岛市', '11'), ('207', '邯郸市', '11'), ('208', '邢台市', '11'), ('209', '保定市', '11'), ('210', '张家口市', '11'), ('211', '承德市', '11'), ('212', '沧州市', '11'), ('213', '廊坊市', '11'), ('214', '衡水市', '11'), ('215', '郑州市', '12'), ('216', '开封市', '12'), ('217', '洛阳市', '12'), ('218', '平顶山市', '12'), ('219', '安阳市', '12'), ('220', '鹤壁市', '12'), ('221', '新乡市', '12'), ('222', '焦作市', '12'), ('223', '济源市', '12'), ('224', '濮阳市', '12'), ('225', '许昌市', '12'), ('226', '漯河市', '12'), ('227', '三门峡市', '12'), ('228', '南阳市', '12'), ('229', '商丘市', '12'), ('230', '信阳市', '12'), ('231', '周口市', '12'), ('232', '驻马店市', '12'), ('233', '武汉市', '13'), ('234', '黄石市', '13'), ('235', '十堰市', '13'), ('236', '宜昌市', '13'), ('237', '襄樊市', '13'), ('238', '鄂州市', '13'), ('239', '荆门市', '13'), ('240', '孝感市', '13'), ('241', '荆州市', '13'), ('242', '黄冈市', '13'), ('243', '咸宁市', '13'), ('244', '随州市', '13'), ('245', '恩施土家族苗族自治州', '13'), ('246', '仙桃市', '13'), ('247', '潜江市', '13'), ('248', '天门市', '13'), ('249', '神农架林区', '13'), ('250', '长沙市', '14'), ('251', '株洲市', '14'), ('252', '湘潭市', '14'), ('253', '衡阳市', '14'), ('254', '邵阳市', '14'), ('255', '岳阳市', '14'), ('256', '常德市', '14'), ('257', '张家界市', '14'), ('258', '益阳市', '14'), ('259', '郴州市', '14'), ('260', '永州市', '14'), ('261', '怀化市', '14'), ('262', '娄底市', '14'), ('263', '湘西土家族苗族自治州', '14'), ('264', '海口市', '15'), ('265', '三亚市', '15'), ('266', '五指山市', '15'), ('267', '琼海市', '15'), ('268', '儋州市', '15'), ('269', '文昌市', '15'), ('270', '万宁市', '15'), ('271', '东方市', '15'), ('272', '定安县', '15'), ('273', '屯昌县', '15'), ('274', '澄迈县', '15'), ('275', '临高县', '15'), ('276', '白沙黎族自治县', '15'), ('277', '昌江黎族自治县', '15'), ('278', '乐东黎族自治县', '15'), ('279', '陵水黎族自治县', '15'), ('280', '保亭黎族苗族自治县', '15'), ('281', '琼中黎族苗族自治县', '15'), ('282', '南京市', '16'), ('283', '无锡市', '16'), ('284', '徐州市', '16'), ('285', '常州市', '16'), ('286', '苏州市', '16'), ('287', '南通市', '16'), ('288', '连云港市', '16'), ('289', '淮安市', '16'), ('290', '盐城市', '16'), ('291', '扬州市', '16'), ('292', '镇江市', '16'), ('293', '泰州市', '16'), ('294', '宿迁市', '16'), ('295', '南昌市', '17'), ('296', '景德镇市', '17'), ('297', '萍乡市', '17'), ('298', '九江市', '17'), ('299', '新余市', '17'), ('300', '鹰潭市', '17'), ('301', '赣州市', '17'), ('302', '吉安市', '17'), ('303', '宜春市', '17'), ('304', '抚州市', '17'), ('305', '上饶市', '17'), ('306', '广州市', '18'), ('307', '韶关市', '18'), ('308', '深圳市', '18'), ('309', '珠海市', '18'), ('310', '汕头市', '18'), ('311', '佛山市', '18'), ('312', '江门市', '18'), ('313', '湛江市', '18'), ('314', '茂名市', '18'), ('315', '肇庆市', '18'), ('316', '惠州市', '18'), ('317', '梅州市', '18'), ('318', '汕尾市', '18'), ('319', '河源市', '18'), ('320', '阳江市', '18'), ('321', '清远市', '18'), ('322', '东莞市', '18'), ('323', '中山市', '18'), ('324', '潮州市', '18'), ('325', '揭阳市', '18'), ('326', '云浮市', '18'), ('327', '南宁市', '19'), ('328', '柳州市', '19'), ('329', '桂林市', '19'), ('330', '梧州市', '19'), ('331', '北海市', '19'), ('332', '防城港市', '19'), ('333', '钦州市', '19'), ('334', '贵港市', '19'), ('335', '玉林市', '19'), ('336', '百色市', '19'), ('337', '贺州市', '19'), ('338', '河池市', '19'), ('339', '来宾市', '19'), ('340', '崇左市', '19'), ('341', '昆明市', '20'), ('342', '曲靖市', '20'), ('343', '玉溪市', '20'), ('344', '保山市', '20'), ('345', '昭通市', '20'), ('346', '丽江市', '20'), ('347', '思茅市', '20'), ('348', '临沧市', '20'), ('349', '楚雄彝族自治州', '20'), ('350', '红河哈尼族彝族自治州', '20'), ('351', '文山壮族苗族自治州', '20'), ('352', '西双版纳傣族自治州', '20'), ('353', '大理白族自治州', '20'), ('354', '德宏傣族景颇族自治州', '20'), ('355', '怒江傈僳族自治州', '20'), ('356', '迪庆藏族自治州', '20'), ('357', '贵阳市', '21'), ('358', '六盘水市', '21'), ('359', '遵义市', '21'), ('360', '安顺市', '21'), ('361', '铜仁地区', '21'), ('362', '黔西南布依族苗族自治州', '21'), ('363', '毕节地区', '21'), ('364', '黔东南苗族侗族自治州', '21'), ('365', '黔南布依族苗族自治州', '21'), ('366', '成都市', '22'), ('367', '自贡市', '22'), ('368', '攀枝花市', '22'), ('369', '泸州市', '22'), ('370', '德阳市', '22'), ('371', '绵阳市', '22'), ('372', '广元市', '22'), ('373', '遂宁市', '22'), ('374', '内江市', '22'), ('375', '乐山市', '22'), ('376', '南充市', '22'), ('377', '眉山市', '22'), ('378', '宜宾市', '22'), ('379', '广安市', '22'), ('380', '达州市', '22'), ('381', '雅安市', '22'), ('382', '巴中市', '22'), ('383', '资阳市', '22'), ('384', '阿坝藏族羌族自治州', '22'), ('385', '甘孜藏族自治州', '22'), ('386', '凉山彝族自治州', '22'), ('387', '呼和浩特市', '23'), ('388', '包头市', '23'), ('389', '乌海市', '23'), ('390', '赤峰市', '23'), ('391', '通辽市', '23'), ('392', '鄂尔多斯市', '23'), ('393', '呼伦贝尔市', '23'), ('394', '巴彦淖尔市', '23'), ('395', '乌兰察布市', '23'), ('396', '兴安盟', '23'), ('397', '锡林郭勒盟', '23'), ('398', '阿拉善盟', '23'), ('399', '银川市', '24'), ('400', '石嘴山市', '24'), ('401', '吴忠市', '24'), ('402', '固原市', '24'), ('403', '中卫市', '24'), ('404', '兰州市', '25'), ('405', '嘉峪关市', '25'), ('406', '金昌市', '25'), ('407', '白银市', '25'), ('408', '天水市', '25'), ('409', '武威市', '25'), ('410', '张掖市', '25'), ('411', '平凉市', '25'), ('412', '酒泉市', '25'), ('413', '庆阳市', '25'), ('414', '定西市', '25'), ('415', '陇南市', '25'), ('416', '临夏回族自治州', '25'), ('417', '甘南藏族自治州', '25'), ('418', '西宁市', '26'), ('419', '海东地区', '26'), ('420', '海北藏族自治州', '26'), ('421', '黄南藏族自治州', '26'), ('422', '海南藏族自治州', '26'), ('423', '果洛藏族自治州', '26'), ('424', '玉树藏族自治州', '26'), ('425', '海西蒙古族藏族自治州', '26'), ('426', '拉萨市', '27'), ('427', '昌都地区', '27'), ('428', '山南地区', '27'), ('429', '日喀则地区', '27'), ('430', '那曲地区', '27'), ('431', '阿里地区', '27'), ('432', '林芝地区', '27'), ('433', '乌鲁木齐市', '28'), ('434', '克拉玛依市', '28'), ('435', '吐鲁番地区', '28'), ('436', '哈密地区', '28'), ('437', '昌吉回族自治州', '28'), ('438', '博尔塔拉蒙古自治州', '28'), ('439', '巴音郭楞蒙古自治州', '28'), ('440', '阿克苏地区', '28'), ('441', '克孜勒苏柯尔克孜自治州', '28'), ('442', '喀什地区', '28'), ('443', '和田地区', '28'), ('444', '伊犁哈萨克自治州', '28'), ('445', '塔城地区', '28'), ('446', '阿勒泰地区', '28'), ('447', '石河子市', '28'), ('448', '阿拉尔市', '28'), ('449', '图木舒克市', '28'), ('450', '五家渠市', '28'), ('451', '合肥市', '29'), ('452', '芜湖市', '29'), ('453', '蚌埠市', '29'), ('454', '淮南市', '29'), ('455', '马鞍山市', '29'), ('456', '淮北市', '29'), ('457', '铜陵市', '29'), ('458', '安庆市', '29'), ('459', '黄山市', '29'), ('460', '滁州市', '29'), ('461', '阜阳市', '29'), ('462', '宿州市', '29'), ('463', '巢湖市', '29'), ('464', '六安市', '29'), ('465', '亳州市', '29'), ('466', '池州市', '29'), ('467', '宣城市', '29'), ('468', '杭州市', '30'), ('469', '宁波市', '30'), ('470', '温州市', '30'), ('471', '嘉兴市', '30'), ('472', '湖州市', '30'), ('473', '绍兴市', '30'), ('474', '金华市', '30'), ('475', '衢州市', '30'), ('476', '舟山市', '30'), ('477', '台州市', '30'), ('478', '丽水市', '30'), ('479', '福州市', '31'), ('480', '厦门市', '31'), ('481', '莆田市', '31'), ('482', '三明市', '31'), ('483', '泉州市', '31'), ('484', '漳州市', '31'), ('485', '南平市', '31'), ('486', '龙岩市', '31'), ('487', '宁德市', '31'), ('488', '中西区', '32'), ('489', '湾仔区', '32'), ('490', '东区', '32'), ('491', '南区', '32'), ('492', '油尖旺区', '32'), ('493', '深水埗区', '32'), ('494', '九龙城区', '32'), ('495', '黄大仙区', '32'), ('496', '观塘区', '32'), ('497', '荃湾区', '32'), ('498', '葵青区', '32'), ('499', '沙田区', '32'), ('500', '西贡区', '32'), ('501', '大埔区', '32'), ('502', '北区', '32'), ('503', '元朗区', '32'), ('504', '屯门区', '32'), ('505', '离岛区', '32'), ('506', '澳门', '33'), ('507', '台北', '34'), ('508', '高雄', '34'), ('509', '基隆', '34'), ('510', '台中', '34'), ('511', '台南', '34'), ('512', '新竹', '34'), ('513', '嘉义', '34'), ('514', '道里区', '130'), ('515', '南岗区', '130'), ('516', '道外区', '130'), ('517', '平房区', '130'), ('518', '松北区', '130'), ('519', '香坊区', '130'), ('520', '呼兰区', '130'), ('521', '阿城区', '130'), ('522', '依兰县', '130'), ('523', '方正县', '130'), ('524', '宾县', '130'), ('525', '巴彦县', '130'), ('526', '木兰县', '130'), ('527', '通河县', '130'), ('528', '延寿县', '130'), ('529', '双城市', '130'), ('530', '尚志市', '130'), ('531', '五常市', '130'), ('532', '龙沙区', '131'), ('533', '建华区', '131'), ('534', '铁锋区', '131'), ('535', '昂昂溪区', '131'), ('536', '富拉尔基区', '131'), ('537', '碾子山区', '131'), ('538', '梅里斯达斡尔族区', '131'), ('539', '龙江县', '131'), ('540', '依安县', '131'), ('541', '泰来县', '131'), ('542', '甘南县', '131'), ('543', '富裕县', '131'), ('544', '克山县', '131'), ('545', '克东县', '131'), ('546', '拜泉县', '131'), ('547', '讷河市', '131'), ('548', '鸡冠区', '132'), ('549', '恒山区', '132'), ('550', '滴道区', '132'), ('551', '梨树区', '132'), ('552', '城子河区', '132'), ('553', '麻山区', '132'), ('554', '鸡东县', '132'), ('555', '虎林市', '132'), ('556', '密山市', '132'), ('557', '向阳区', '133'), ('558', '工农区', '133'), ('559', '南山区', '133'), ('560', '兴安区', '133'), ('561', '东山区', '133'), ('562', '兴山区', '133'), ('563', '萝北县', '133'), ('564', '绥滨县', '133'), ('565', '尖山区', '134'), ('566', '岭东区', '134'), ('567', '四方台区', '134'), ('568', '宝山区', '134'), ('569', '集贤县', '134'), ('570', '友谊县', '134'), ('571', '宝清县', '134'), ('572', '饶河县', '134'), ('573', '萨尔图区', '135'), ('574', '龙凤区', '135'), ('575', '让胡路区', '135'), ('576', '红岗区', '135'), ('577', '大同区', '135'), ('578', '肇州县', '135'), ('579', '肇源县', '135'), ('580', '林甸县', '135'), ('581', '杜尔伯特蒙古族自治县', '135'), ('582', '伊春区', '136'), ('583', '南岔区', '136'), ('584', '友好区', '136'), ('585', '西林区', '136'), ('586', '翠峦区', '136'), ('587', '新青区', '136'), ('588', '美溪区', '136'), ('589', '金山屯区', '136'), ('590', '五营区', '136'), ('591', '乌马河区', '136'), ('592', '汤旺河区', '136'), ('593', '带岭区', '136'), ('594', '乌伊岭区', '136'), ('595', '红星区', '136'), ('596', '上甘岭区', '136'), ('597', '嘉荫县', '136'), ('598', '铁力市', '136'), ('599', '向阳区', '137'), ('600', '前进区', '137'), ('601', '东风区', '137'), ('602', '郊区', '137'), ('603', '桦南县', '137'), ('604', '桦川县', '137'), ('605', '汤原县', '137'), ('606', '抚远县', '137'), ('607', '同江市', '137'), ('608', '富锦市', '137'), ('609', '新兴区', '138'), ('610', '桃山区', '138'), ('611', '茄子河区', '138'), ('612', '勃利县', '138'), ('613', '东安区', '139'), ('614', '阳明区', '139'), ('615', '爱民区', '139'), ('616', '西安区', '139'), ('617', '东宁县', '139'), ('618', '林口县', '139'), ('619', '绥芬河市', '139'), ('620', '海林市', '139'), ('621', '宁安市', '139'), ('622', '穆棱市', '139'), ('623', '爱辉区', '140'), ('624', '嫩江县', '140'), ('625', '逊克县', '140'), ('626', '孙吴县', '140'), ('627', '北安市', '140'), ('628', '五大连池市', '140'), ('629', '北林区', '141'), ('630', '望奎县', '141'), ('631', '兰西县', '141'), ('632', '青冈县', '141'), ('633', '庆安县', '141'), ('634', '明水县', '141'), ('635', '绥棱县', '141'), ('636', '安达市', '141'), ('637', '肇东市', '141'), ('638', '海伦市', '141'), ('639', '加格达奇区', '142'), ('640', '松岭区', '142'), ('641', '新林区', '142'), ('642', '呼中区', '142'), ('643', '呼玛县', '142'), ('644', '塔河县', '142'), ('645', '漠河县', '142'), ('646', '南关区', '143'), ('647', '宽城区', '143'), ('648', '朝阳区', '143'), ('649', '二道区', '143'), ('650', '绿园区', '143'), ('651', '双阳区', '143'), ('652', '农安县', '143'), ('653', '九台市', '143'), ('654', '榆树市', '143'), ('655', '德惠市', '143'), ('656', '昌邑区', '144'), ('657', '龙潭区', '144'), ('658', '船营区', '144'), ('659', '丰满区', '144'), ('660', '永吉县', '144'), ('661', '蛟河市', '144'), ('662', '桦甸市', '144'), ('663', '舒兰市', '144'), ('664', '磐石市', '144'), ('665', '铁西区', '145'), ('666', '铁东区', '145'), ('667', '梨树县', '145'), ('668', '伊通满族自治县', '145'), ('669', '公主岭市', '145'), ('670', '双辽市', '145'), ('671', '龙山区', '146'), ('672', '西安区', '146'), ('673', '东丰县', '146'), ('674', '东辽县', '146'), ('675', '东昌区', '147'), ('676', '二道江区', '147'), ('677', '通化县', '147'), ('678', '辉南县', '147'), ('679', '柳河县', '147'), ('680', '梅河口市', '147'), ('681', '集安市', '147'), ('682', '八道江区', '148'), ('683', '江源区', '148'), ('684', '抚松县', '148'), ('685', '靖宇县', '148'), ('686', '长白朝鲜族自治县', '148'), ('687', '临江市', '148'), ('688', '宁江区', '149'), ('689', '前郭尔罗斯蒙古族自治县', '149'), ('690', '长岭县', '149'), ('691', '乾安县', '149'), ('692', '扶余县', '149'), ('693', '洮北区', '150'), ('694', '镇赉县', '150'), ('695', '通榆县', '150'), ('696', '洮南市', '150'), ('697', '大安市', '150'), ('698', '延吉市', '151'), ('699', '图们市', '151'), ('700', '敦化市', '151'), ('701', '珲春市', '151'), ('702', '龙井市', '151'), ('703', '和龙市', '151'), ('704', '汪清县', '151'), ('705', '安图县', '151'), ('706', '和平区', '152'), ('707', '沈河区', '152'), ('708', '大东区', '152'), ('709', '皇姑区', '152'), ('710', '铁西区', '152'), ('711', '苏家屯区', '152'), ('712', '东陵区', '152'), ('713', '新城子区', '152'), ('714', '于洪区', '152'), ('715', '辽中县', '152'), ('716', '康平县', '152'), ('717', '法库县', '152'), ('718', '新民市', '152'), ('719', '中山区', '153'), ('720', '西岗区', '153'), ('721', '沙河口区', '153'), ('722', '甘井子区', '153'), ('723', '旅顺口区', '153'), ('724', '金州区', '153'), ('725', '长海县', '153'), ('726', '瓦房店市', '153'), ('727', '普兰店市', '153'), ('728', '庄河市', '153'), ('729', '铁东区', '154'), ('730', '铁西区', '154'), ('731', '立山区', '154'), ('732', '千山区', '154'), ('733', '台安县', '154'), ('734', '岫岩满族自治县', '154'), ('735', '海城市', '154'), ('736', '新抚区', '155'), ('737', '东洲区', '155'), ('738', '望花区', '155'), ('739', '顺城区', '155'), ('740', '抚顺县', '155'), ('741', '新宾满族自治县', '155'), ('742', '清原满族自治县', '155'), ('743', '平山区', '156'), ('744', '溪湖区', '156'), ('745', '明山区', '156'), ('746', '南芬区', '156'), ('747', '本溪满族自治县', '156'), ('748', '桓仁满族自治县', '156'), ('749', '元宝区', '157'), ('750', '振兴区', '157'), ('751', '振安区', '157'), ('752', '宽甸满族自治县', '157'), ('753', '东港市', '157'), ('754', '凤城市', '157'), ('755', '古塔区', '158'), ('756', '凌河区', '158'), ('757', '太和区', '158'), ('758', '黑山县', '158'), ('759', '义县', '158'), ('760', '凌海市', '158'), ('761', '北宁市', '158'), ('762', '站前区', '159'), ('763', '西市区', '159'), ('764', '鲅鱼圈区', '159'), ('765', '老边区', '159'), ('766', '盖州市', '159'), ('767', '大石桥市', '159'), ('768', '海州区', '160'), ('769', '新邱区', '160'), ('770', '太平区', '160'), ('771', '清河门区', '160'), ('772', '细河区', '160'), ('773', '阜新蒙古族自治县', '160'), ('774', '彰武县', '160'), ('775', '白塔区', '161'), ('776', '文圣区', '161'), ('777', '宏伟区', '161'), ('778', '弓长岭区', '161'), ('779', '太子河区', '161'), ('780', '辽阳县', '161'), ('781', '灯塔市', '161'), ('782', '双台子区', '162'), ('783', '兴隆台区', '162'), ('784', '大洼县', '162'), ('785', '盘山县', '162'), ('786', '银州区', '163'), ('787', '清河区', '163'), ('788', '铁岭县', '163'), ('789', '西丰县', '163'), ('790', '昌图县', '163'), ('791', '调兵山市', '163'), ('792', '开原市', '163'), ('793', '双塔区', '164'), ('794', '龙城区', '164'), ('795', '朝阳县', '164'), ('796', '建平县', '164'), ('797', '喀喇沁左翼蒙古族自治县', '164'), ('798', '北票市', '164'), ('799', '凌源市', '164'), ('800', '连山区', '165'), ('801', '龙港区', '165'), ('802', '南票区', '165'), ('803', '绥中县', '165'), ('804', '建昌县', '165'), ('805', '兴城市', '165'), ('806', '历下区', '166'), ('807', '市中区', '166'), ('808', '槐荫区', '166'), ('809', '天桥区', '166'), ('810', '历城区', '166'), ('811', '长清区', '166'), ('812', '平阴县', '166'), ('813', '济阳县', '166'), ('814', '商河县', '166'), ('815', '章丘市', '166'), ('816', '市南区', '167'), ('817', '市北区', '167'), ('818', '四方区', '167'), ('819', '黄岛区', '167'), ('820', '崂山区', '167'), ('821', '李沧区', '167'), ('822', '城阳区', '167'), ('823', '胶州市', '167'), ('824', '即墨市', '167'), ('825', '平度市', '167'), ('826', '胶南市', '167'), ('827', '莱西市', '167'), ('828', '淄川区', '168'), ('829', '张店区', '168'), ('830', '博山区', '168'), ('831', '临淄区', '168'), ('832', '周村区', '168'), ('833', '桓台县', '168'), ('834', '高青县', '168'), ('835', '沂源县', '168'), ('836', '市中区', '169'), ('837', '薛城区', '169'), ('838', '峄城区', '169'), ('839', '台儿庄区', '169'), ('840', '山亭区', '169'), ('841', '滕州市', '169'), ('842', '东营区', '170'), ('843', '河口区', '170'), ('844', '垦利县', '170'), ('845', '利津县', '170'), ('846', '广饶县', '170'), ('847', '芝罘区', '171'), ('848', '福山区', '171'), ('849', '牟平区', '171'), ('850', '莱山区', '171'), ('851', '长岛县', '171'), ('852', '龙口市', '171'), ('853', '莱阳市', '171'), ('854', '莱州市', '171'), ('855', '蓬莱市', '171'), ('856', '招远市', '171'), ('857', '栖霞市', '171'), ('858', '海阳市', '171'), ('859', '潍城区', '172'), ('860', '寒亭区', '172'), ('861', '坊子区', '172'), ('862', '奎文区', '172'), ('863', '临朐县', '172'), ('864', '昌乐县', '172'), ('865', '青州市', '172'), ('866', '诸城市', '172'), ('867', '寿光市', '172'), ('868', '安丘市', '172'), ('869', '高密市', '172'), ('870', '昌邑市', '172'), ('871', '市中区', '173'), ('872', '任城区', '173'), ('873', '微山县', '173'), ('874', '鱼台县', '173'), ('875', '金乡县', '173'), ('876', '嘉祥县', '173'), ('877', '汶上县', '173'), ('878', '泗水县', '173'), ('879', '梁山县', '173'), ('880', '曲阜市', '173'), ('881', '兖州市', '173'), ('882', '邹城市', '173'), ('883', '泰山区', '174'), ('884', '岱岳区', '174'), ('885', '宁阳县', '174'), ('886', '东平县', '174'), ('887', '新泰市', '174'), ('888', '肥城市', '174'), ('889', '环翠区', '175'), ('890', '文登市', '175'), ('891', '荣成市', '175'), ('892', '乳山市', '175'), ('893', '东港区', '176'), ('894', '岚山区', '176'), ('895', '五莲县', '176'), ('896', '莒县', '176'), ('897', '莱城区', '177'), ('898', '钢城区', '177'), ('899', '兰山区', '178'), ('900', '罗庄区', '178'), ('901', '河东区', '178'), ('902', '沂南县', '178'), ('903', '郯城县', '178'), ('904', '沂水县', '178'), ('905', '苍山县', '178'), ('906', '费县', '178'), ('907', '平邑县', '178'), ('908', '莒南县', '178'), ('909', '蒙阴县', '178'), ('910', '临沭县', '178'), ('911', '德城区', '179'), ('912', '陵县', '179'), ('913', '宁津县', '179'), ('914', '庆云县', '179'), ('915', '临邑县', '179'), ('916', '齐河县', '179'), ('917', '平原县', '179'), ('918', '夏津县', '179'), ('919', '武城县', '179'), ('920', '乐陵市', '179'), ('921', '禹城市', '179'), ('922', '东昌府区', '180'), ('923', '阳谷县', '180'), ('924', '莘县', '180'), ('925', '茌平县', '180'), ('926', '东阿县', '180'), ('927', '冠县', '180'), ('928', '高唐县', '180'), ('929', '临清市', '180'), ('930', '滨城区', '181'), ('931', '惠民县', '181'), ('932', '阳信县', '181'), ('933', '无棣县', '181'), ('934', '沾化县', '181'), ('935', '博兴县', '181'), ('936', '邹平县', '181'), ('937', '牡丹区', '182'), ('938', '曹县', '182'), ('939', '单县', '182'), ('940', '成武县', '182'), ('941', '巨野县', '182'), ('942', '郓城县', '182'), ('943', '鄄城县', '182'), ('944', '定陶县', '182'), ('945', '东明县', '182'), ('946', '小店区', '183'), ('947', '迎泽区', '183'), ('948', '杏花岭区', '183'), ('949', '尖草坪区', '183'), ('950', '万柏林区', '183'), ('951', '晋源区', '183'), ('952', '清徐县', '183'), ('953', '阳曲县', '183'), ('954', '娄烦县', '183'), ('955', '古交市', '183'), ('956', '城区', '184'), ('957', '矿区', '184'), ('958', '南郊区', '184'), ('959', '新荣区', '184'), ('960', '阳高县', '184'), ('961', '天镇县', '184'), ('962', '广灵县', '184'), ('963', '灵丘县', '184'), ('964', '浑源县', '184'), ('965', '左云县', '184'), ('966', '大同县', '184'), ('967', '城区', '185'), ('968', '矿区', '185'), ('969', '郊区', '185'), ('970', '平定县', '185'), ('971', '盂县', '185'), ('972', '城区', '186'), ('973', '郊区', '186'), ('974', '长治县', '186'), ('975', '襄垣县', '186'), ('976', '屯留县', '186'), ('977', '平顺县', '186'), ('978', '黎城县', '186'), ('979', '壶关县', '186'), ('980', '长子县', '186'), ('981', '武乡县', '186'), ('982', '沁县', '186'), ('983', '沁源县', '186'), ('984', '潞城市', '186'), ('985', '城区', '187'), ('986', '沁水县', '187'), ('987', '阳城县', '187'), ('988', '陵川县', '187'), ('989', '泽州县', '187'), ('990', '高平市', '187'), ('991', '朔城区', '188'), ('992', '平鲁区', '188'), ('993', '山阴县', '188'), ('994', '应县', '188'), ('995', '右玉县', '188'), ('996', '怀仁县', '188'), ('997', '榆次区', '189'), ('998', '榆社县', '189'), ('999', '左权县', '189'), ('1000', '和顺县', '189'), ('1001', '昔阳县', '189'), ('1002', '寿阳县', '189'), ('1003', '太谷县', '189'), ('1004', '祁县', '189'), ('1005', '平遥县', '189'), ('1006', '灵石县', '189'), ('1007', '介休市', '189'), ('1008', '盐湖区', '190'), ('1009', '临猗县', '190'), ('1010', '万荣县', '190'), ('1011', '闻喜县', '190'), ('1012', '稷山县', '190'), ('1013', '新绛县', '190'), ('1014', '绛县', '190'), ('1015', '垣曲县', '190'), ('1016', '夏县', '190'), ('1017', '平陆县', '190'), ('1018', '芮城县', '190'), ('1019', '永济市', '190'), ('1020', '河津市', '190'), ('1021', '忻府区', '191'), ('1022', '定襄县', '191'), ('1023', '五台县', '191'), ('1024', '代县', '191'), ('1025', '繁峙县', '191'), ('1026', '宁武县', '191'), ('1027', '静乐县', '191'), ('1028', '神池县', '191'), ('1029', '五寨县', '191'), ('1030', '岢岚县', '191'), ('1031', '河曲县', '191'), ('1032', '保德县', '191'), ('1033', '偏关县', '191'), ('1034', '原平市', '191'), ('1035', '尧都区', '192'), ('1036', '曲沃县', '192'), ('1037', '翼城县', '192'), ('1038', '襄汾县', '192'), ('1039', '洪洞县', '192'), ('1040', '古县', '192'), ('1041', '安泽县', '192'), ('1042', '浮山县', '192'), ('1043', '吉县', '192'), ('1044', '乡宁县', '192'), ('1045', '大宁县', '192'), ('1046', '隰县', '192'), ('1047', '永和县', '192'), ('1048', '蒲县', '192'), ('1049', '汾西县', '192'), ('1050', '侯马市', '192'), ('1051', '霍州市', '192'), ('1052', '离石区', '193'), ('1053', '文水县', '193'), ('1054', '交城县', '193'), ('1055', '兴县', '193'), ('1056', '临县', '193'), ('1057', '柳林县', '193'), ('1058', '石楼县', '193'), ('1059', '岚县', '193'), ('1060', '方山县', '193'), ('1061', '中阳县', '193'), ('1062', '交口县', '193'), ('1063', '孝义市', '193'), ('1064', '汾阳市', '193'), ('1065', '新城区', '194'), ('1066', '碑林区', '194'), ('1067', '莲湖区', '194'), ('1068', '灞桥区', '194'), ('1069', '未央区', '194'), ('1070', '雁塔区', '194'), ('1071', '阎良区', '194'), ('1072', '临潼区', '194'), ('1073', '长安区', '194'), ('1074', '蓝田县', '194'), ('1075', '周至县', '194'), ('1076', '户县', '194'), ('1077', '高陵县', '194'), ('1078', '王益区', '195'), ('1079', '印台区', '195'), ('1080', '耀州区', '195'), ('1081', '宜君县', '195'), ('1082', '渭滨区', '196'), ('1083', '金台区', '196'), ('1084', '陈仓区', '196'), ('1085', '凤翔县', '196'), ('1086', '岐山县', '196'), ('1087', '扶风县', '196'), ('1088', '眉县', '196'), ('1089', '陇县', '196'), ('1090', '千阳县', '196'), ('1091', '麟游县', '196'), ('1092', '凤县', '196'), ('1093', '太白县', '196'), ('1094', '秦都区', '197'), ('1095', '杨凌区', '197'), ('1096', '渭城区', '197'), ('1097', '三原县', '197'), ('1098', '泾阳县', '197'), ('1099', '乾县', '197'), ('1100', '礼泉县', '197'), ('1101', '永寿县', '197'), ('1102', '彬县', '197'), ('1103', '长武县', '197'), ('1104', '旬邑县', '197'), ('1105', '淳化县', '197'), ('1106', '武功县', '197'), ('1107', '兴平市', '197'), ('1108', '临渭区', '198'), ('1109', '华县', '198'), ('1110', '潼关县', '198'), ('1111', '大荔县', '198'), ('1112', '合阳县', '198'), ('1113', '澄城县', '198'), ('1114', '蒲城县', '198'), ('1115', '白水县', '198'), ('1116', '富平县', '198'), ('1117', '韩城市', '198'), ('1118', '华阴市', '198'), ('1119', '宝塔区', '199'), ('1120', '延长县', '199'), ('1121', '延川县', '199'), ('1122', '子长县', '199'), ('1123', '安塞县', '199'), ('1124', '志丹县', '199'), ('1125', '吴起县', '199'), ('1126', '甘泉县', '199'), ('1127', '富县', '199'), ('1128', '洛川县', '199'), ('1129', '宜川县', '199'), ('1130', '黄龙县', '199'), ('1131', '黄陵县', '199'), ('1132', '汉台区', '200'), ('1133', '南郑县', '200'), ('1134', '城固县', '200'), ('1135', '洋县', '200'), ('1136', '西乡县', '200'), ('1137', '勉县', '200'), ('1138', '宁强县', '200'), ('1139', '略阳县', '200'), ('1140', '镇巴县', '200'), ('1141', '留坝县', '200'), ('1142', '佛坪县', '200'), ('1143', '榆阳区', '201'), ('1144', '神木县', '201'), ('1145', '府谷县', '201'), ('1146', '横山县', '201'), ('1147', '靖边县', '201'), ('1148', '定边县', '201'), ('1149', '绥德县', '201'), ('1150', '米脂县', '201'), ('1151', '佳县', '201'), ('1152', '吴堡县', '201'), ('1153', '清涧县', '201'), ('1154', '子洲县', '201'), ('1155', '汉滨区', '202'), ('1156', '汉阴县', '202'), ('1157', '石泉县', '202'), ('1158', '宁陕县', '202'), ('1159', '紫阳县', '202'), ('1160', '岚皋县', '202'), ('1161', '平利县', '202'), ('1162', '镇坪县', '202'), ('1163', '旬阳县', '202'), ('1164', '白河县', '202'), ('1165', '商州区', '203'), ('1166', '洛南县', '203'), ('1167', '丹凤县', '203'), ('1168', '商南县', '203'), ('1169', '山阳县', '203'), ('1170', '镇安县', '203'), ('1171', '柞水县', '203'), ('1172', '长安区', '204'), ('1173', '桥东区', '204'), ('1174', '桥西区', '204'), ('1175', '新华区', '204'), ('1176', '井陉矿区', '204'), ('1177', '裕华区', '204'), ('1178', '井陉县', '204'), ('1179', '正定县', '204'), ('1180', '栾城县', '204'), ('1181', '行唐县', '204'), ('1182', '灵寿县', '204'), ('1183', '高邑县', '204'), ('1184', '深泽县', '204'), ('1185', '赞皇县', '204'), ('1186', '无极县', '204'), ('1187', '平山县', '204'), ('1188', '元氏县', '204'), ('1189', '赵县', '204'), ('1190', '辛集市', '204'), ('1191', '藁城市', '204'), ('1192', '晋州市', '204'), ('1193', '新乐市', '204'), ('1194', '鹿泉市', '204'), ('1195', '路南区', '205'), ('1196', '路北区', '205'), ('1197', '古冶区', '205'), ('1198', '开平区', '205'), ('1199', '丰南区', '205'), ('1200', '丰润区', '205'), ('1201', '滦县', '205'), ('1202', '滦南县', '205'), ('1203', '乐亭县', '205'), ('1204', '迁西县', '205'), ('1205', '玉田县', '205'), ('1206', '唐海县', '205'), ('1207', '遵化市', '205'), ('1208', '迁安市', '205'), ('1209', '海港区', '206'), ('1210', '山海关区', '206'), ('1211', '北戴河区', '206'), ('1212', '青龙满族自治县', '206'), ('1213', '昌黎县', '206'), ('1214', '抚宁县', '206'), ('1215', '卢龙县', '206'), ('1216', '邯山区', '207'), ('1217', '丛台区', '207'), ('1218', '复兴区', '207'), ('1219', '峰峰矿区', '207'), ('1220', '邯郸县', '207'), ('1221', '临漳县', '207'), ('1222', '成安县', '207'), ('1223', '大名县', '207'), ('1224', '涉县', '207'), ('1225', '磁县', '207'), ('1226', '肥乡县', '207'), ('1227', '永年县', '207'), ('1228', '邱县', '207'), ('1229', '鸡泽县', '207'), ('1230', '广平县', '207'), ('1231', '馆陶县', '207'), ('1232', '魏县', '207'), ('1233', '曲周县', '207'), ('1234', '武安市', '207'), ('1235', '桥东区', '208'), ('1236', '桥西区', '208'), ('1237', '邢台县', '208'), ('1238', '临城县', '208'), ('1239', '内丘县', '208'), ('1240', '柏乡县', '208'), ('1241', '隆尧县', '208'), ('1242', '任县', '208'), ('1243', '南和县', '208'), ('1244', '宁晋县', '208'), ('1245', '巨鹿县', '208'), ('1246', '新河县', '208'), ('1247', '广宗县', '208'), ('1248', '平乡县', '208'), ('1249', '威县', '208'), ('1250', '清河县', '208'), ('1251', '临西县', '208'), ('1252', '南宫市', '208'), ('1253', '沙河市', '208'), ('1254', '新市区', '209'), ('1255', '北市区', '209'), ('1256', '南市区', '209'), ('1257', '满城县', '209'), ('1258', '清苑县', '209'), ('1259', '涞水县', '209'), ('1260', '阜平县', '209'), ('1261', '徐水县', '209'), ('1262', '定兴县', '209'), ('1263', '唐县', '209'), ('1264', '高阳县', '209'), ('1265', '容城县', '209'), ('1266', '涞源县', '209'), ('1267', '望都县', '209'), ('1268', '安新县', '209'), ('1269', '易县', '209'), ('1270', '曲阳县', '209'), ('1271', '蠡县', '209'), ('1272', '顺平县', '209'), ('1273', '博野县', '209'), ('1274', '雄县', '209'), ('1275', '涿州市', '209'), ('1276', '定州市', '209'), ('1277', '安国市', '209'), ('1278', '高碑店市', '209'), ('1279', '桥东区', '210'), ('1280', '桥西区', '210'), ('1281', '宣化区', '210'), ('1282', '下花园区', '210'), ('1283', '宣化县', '210'), ('1284', '张北县', '210'), ('1285', '康保县', '210'), ('1286', '沽源县', '210'), ('1287', '尚义县', '210'), ('1288', '蔚县', '210'), ('1289', '阳原县', '210'), ('1290', '怀安县', '210'), ('1291', '万全县', '210'), ('1292', '怀来县', '210'), ('1293', '涿鹿县', '210'), ('1294', '赤城县', '210'), ('1295', '崇礼县', '210'), ('1296', '双桥区', '211'), ('1297', '双滦区', '211'), ('1298', '鹰手营子矿区', '211'), ('1299', '承德县', '211'), ('1300', '兴隆县', '211'), ('1301', '平泉县', '211'), ('1302', '滦平县', '211'), ('1303', '隆化县', '211'), ('1304', '丰宁满族自治县', '211'), ('1305', '宽城满族自治县', '211'), ('1306', '围场满族蒙古族自治县', '211'), ('1307', '新华区', '212'), ('1308', '运河区', '212'), ('1309', '沧县', '212'), ('1310', '青县', '212'), ('1311', '东光县', '212'), ('1312', '海兴县', '212'), ('1313', '盐山县', '212'), ('1314', '肃宁县', '212'), ('1315', '南皮县', '212'), ('1316', '吴桥县', '212'), ('1317', '献县', '212'), ('1318', '孟村回族自治县', '212'), ('1319', '泊头市', '212'), ('1320', '任丘市', '212'), ('1321', '黄骅市', '212'), ('1322', '河间市', '212'), ('1323', '安次区', '213'), ('1324', '广阳区', '213'), ('1325', '固安县', '213'), ('1326', '永清县', '213'), ('1327', '香河县', '213'), ('1328', '大城县', '213'), ('1329', '文安县', '213'), ('1330', '大厂回族自治县', '213'), ('1331', '霸州市', '213'), ('1332', '三河市', '213'), ('1333', '桃城区', '214'), ('1334', '枣强县', '214'), ('1335', '武邑县', '214'), ('1336', '武强县', '214'), ('1337', '饶阳县', '214'), ('1338', '安平县', '214'), ('1339', '故城县', '214'), ('1340', '景县', '214'), ('1341', '阜城县', '214'), ('1342', '冀州市', '214'), ('1343', '深州市', '214'), ('1344', '中原区', '215'), ('1345', '二七区', '215'), ('1346', '管城回族区', '215'), ('1347', '金水区', '215'), ('1348', '上街区', '215'), ('1349', '惠济区', '215'), ('1350', '中牟县', '215'), ('1351', '巩义市', '215'), ('1352', '荥阳市', '215'), ('1353', '新密市', '215'), ('1354', '新郑市', '215'), ('1355', '登封市', '215'), ('1356', '龙亭区', '216'), ('1357', '顺河回族区', '216'), ('1358', '鼓楼区', '216'), ('1359', '禹王台区', '216'), ('1360', '金明区', '216'), ('1361', '杞县', '216'), ('1362', '通许县', '216'), ('1363', '尉氏县', '216'), ('1364', '开封县', '216'), ('1365', '兰考县', '216'), ('1366', '老城区', '217'), ('1367', '西工区', '217'), ('1368', '廛河回族区', '217'), ('1369', '涧西区', '217'), ('1370', '吉利区', '217'), ('1371', '洛龙区', '217'), ('1372', '孟津县', '217'), ('1373', '新安县', '217'), ('1374', '栾川县', '217'), ('1375', '嵩县', '217'), ('1376', '汝阳县', '217'), ('1377', '宜阳县', '217'), ('1378', '洛宁县', '217'), ('1379', '伊川县', '217'), ('1380', '偃师市', '217'), ('1381', '新华区', '218'), ('1382', '卫东区', '218'), ('1383', '石龙区', '218'), ('1384', '湛河区', '218'), ('1385', '宝丰县', '218'), ('1386', '叶县', '218'), ('1387', '鲁山县', '218'), ('1388', '郏县', '218'), ('1389', '舞钢市', '218'), ('1390', '汝州市', '218'), ('1391', '文峰区', '219'), ('1392', '北关区', '219'), ('1393', '殷都区', '219'), ('1394', '龙安区', '219'), ('1395', '安阳县', '219'), ('1396', '汤阴县', '219'), ('1397', '滑县', '219'), ('1398', '内黄县', '219'), ('1399', '林州市', '219'), ('1400', '鹤山区', '220'), ('1401', '山城区', '220'), ('1402', '淇滨区', '220'), ('1403', '浚县', '220'), ('1404', '淇县', '220'), ('1405', '红旗区', '221'), ('1406', '卫滨区', '221'), ('1407', '凤泉区', '221'), ('1408', '牧野区', '221'), ('1409', '新乡县', '221'), ('1410', '获嘉县', '221'), ('1411', '原阳县', '221'), ('1412', '延津县', '221'), ('1413', '封丘县', '221'), ('1414', '长垣县', '221'), ('1415', '卫辉市', '221'), ('1416', '辉县市', '221'), ('1417', '解放区', '222'), ('1418', '中站区', '222'), ('1419', '马村区', '222'), ('1420', '山阳区', '222'), ('1421', '修武县', '222'), ('1422', '博爱县', '222'), ('1423', '武陟县', '222'), ('1424', '温县', '222'), ('1425', '济源市', '222'), ('1426', '沁阳市', '222'), ('1427', '孟州市', '222'), ('1428', '济源市', '223'), ('1429', '华龙区', '224'), ('1430', '清丰县', '224'), ('1431', '南乐县', '224'), ('1432', '范县', '224'), ('1433', '台前县', '224'), ('1434', '濮阳县', '224'), ('1435', '魏都区', '225'), ('1436', '许昌县', '225'), ('1437', '鄢陵县', '225'), ('1438', '襄城县', '225'), ('1439', '禹州市', '225'), ('1440', '长葛市', '225'), ('1441', '源汇区', '226'), ('1442', '郾城区', '226'), ('1443', '召陵区', '226'), ('1444', '舞阳县', '226'), ('1445', '临颍县', '226'), ('1446', '湖滨区', '227'), ('1447', '渑池县', '227'), ('1448', '陕县', '227'), ('1449', '卢氏县', '227'), ('1450', '义马市', '227'), ('1451', '灵宝市', '227'), ('1452', '宛城区', '228'), ('1453', '卧龙区', '228'), ('1454', '南召县', '228'), ('1455', '方城县', '228'), ('1456', '西峡县', '228'), ('1457', '镇平县', '228'), ('1458', '内乡县', '228'), ('1459', '淅川县', '228'), ('1460', '社旗县', '228'), ('1461', '唐河县', '228'), ('1462', '新野县', '228'), ('1463', '桐柏县', '228'), ('1464', '邓州市', '228'), ('1465', '梁园区', '229'), ('1466', '睢阳区', '229'), ('1467', '民权县', '229'), ('1468', '睢县', '229'), ('1469', '宁陵县', '229'), ('1470', '柘城县', '229'), ('1471', '虞城县', '229'), ('1472', '夏邑县', '229'), ('1473', '永城市', '229'), ('1474', '浉河区', '230'), ('1475', '平桥区', '230'), ('1476', '罗山县', '230'), ('1477', '光山县', '230'), ('1478', '新县', '230'), ('1479', '商城县', '230'), ('1480', '固始县', '230'), ('1481', '潢川县', '230'), ('1482', '淮滨县', '230'), ('1483', '息县', '230'), ('1484', '川汇区', '231'), ('1485', '扶沟县', '231'), ('1486', '西华县', '231'), ('1487', '商水县', '231'), ('1488', '沈丘县', '231'), ('1489', '郸城县', '231'), ('1490', '淮阳县', '231'), ('1491', '太康县', '231'), ('1492', '鹿邑县', '231'), ('1493', '项城市', '231'), ('1494', '驿城区', '232'), ('1495', '西平县', '232'), ('1496', '上蔡县', '232'), ('1497', '平舆县', '232'), ('1498', '正阳县', '232'), ('1499', '确山县', '232'), ('1500', '泌阳县', '232'), ('1501', '汝南县', '232'), ('1502', '遂平县', '232'), ('1503', '新蔡县', '232'), ('1504', '江岸区', '233'), ('1505', '江汉区', '233'), ('1506', '硚口区', '233'), ('1507', '汉阳区', '233'), ('1508', '武昌区', '233'), ('1509', '青山区', '233'), ('1510', '洪山区', '233'), ('1511', '东西湖区', '233'), ('1512', '汉南区', '233'), ('1513', '蔡甸区', '233'), ('1514', '江夏区', '233'), ('1515', '黄陂区', '233'), ('1516', '新洲区', '233'), ('1517', '黄石港区', '234'), ('1518', '西塞山区', '234'), ('1519', '下陆区', '234'), ('1520', '铁山区', '234'), ('1521', '阳新县', '234'), ('1522', '大冶市', '234'), ('1523', '茅箭区', '235'), ('1524', '张湾区', '235'), ('1525', '郧县', '235'), ('1526', '郧西县', '235'), ('1527', '竹山县', '235'), ('1528', '竹溪县', '235'), ('1529', '房县', '235'), ('1530', '丹江口市', '235'), ('1531', '西陵区', '236'), ('1532', '伍家岗区', '236'), ('1533', '点军区', '236'), ('1534', '猇亭区', '236'), ('1535', '夷陵区', '236'), ('1536', '远安县', '236'), ('1537', '兴山县', '236'), ('1538', '秭归县', '236'), ('1539', '长阳土家族自治县', '236'), ('1540', '五峰土家族自治县', '236'), ('1541', '宜都市', '236'), ('1542', '当阳市', '236'), ('1543', '枝江市', '236'), ('1544', '襄城区', '237'), ('1545', '樊城区', '237'), ('1546', '襄阳区', '237'), ('1547', '南漳县', '237'), ('1548', '谷城县', '237'), ('1549', '保康县', '237'), ('1550', '老河口市', '237'), ('1551', '枣阳市', '237'), ('1552', '宜城市', '237'), ('1553', '梁子湖区', '238'), ('1554', '华容区', '238'), ('1555', '鄂城区', '238'), ('1556', '东宝区', '239'), ('1557', '掇刀区', '239'), ('1558', '京山县', '239'), ('1559', '沙洋县', '239'), ('1560', '钟祥市', '239'), ('1561', '孝南区', '240'), ('1562', '孝昌县', '240'), ('1563', '大悟县', '240'), ('1564', '云梦县', '240'), ('1565', '应城市', '240'), ('1566', '安陆市', '240'), ('1567', '汉川市', '240'), ('1568', '沙市区', '241'), ('1569', '荆州区', '241'), ('1570', '公安县', '241'), ('1571', '监利县', '241'), ('1572', '江陵县', '241'), ('1573', '石首市', '241'), ('1574', '洪湖市', '241'), ('1575', '松滋市', '241'), ('1576', '黄州区', '242'), ('1577', '团风县', '242'), ('1578', '红安县', '242'), ('1579', '罗田县', '242'), ('1580', '英山县', '242'), ('1581', '浠水县', '242'), ('1582', '蕲春县', '242'), ('1583', '黄梅县', '242'), ('1584', '麻城市', '242'), ('1585', '武穴市', '242'), ('1586', '咸安区', '243'), ('1587', '嘉鱼县', '243'), ('1588', '通城县', '243'), ('1589', '崇阳县', '243'), ('1590', '通山县', '243'), ('1591', '赤壁市', '243'), ('1592', '曾都区', '244'), ('1593', '广水市', '244'), ('1594', '恩施市', '245'), ('1595', '利川市', '245'), ('1596', '建始县', '245'), ('1597', '巴东县', '245'), ('1598', '宣恩县', '245'), ('1599', '咸丰县', '245'), ('1600', '来凤县', '245'), ('1601', '鹤峰县', '245'), ('1602', '仙桃市', '246'), ('1603', '潜江市', '247'), ('1604', '天门市', '248'), ('1605', '神农架林区', '249'), ('1606', '芙蓉区', '250'), ('1607', '天心区', '250'), ('1608', '岳麓区', '250'), ('1609', '开福区', '250'), ('1610', '雨花区', '250'), ('1611', '长沙县', '250'), ('1612', '望城县', '250'), ('1613', '宁乡县', '250'), ('1614', '浏阳市', '250'), ('1615', '荷塘区', '251'), ('1616', '芦淞区', '251'), ('1617', '石峰区', '251'), ('1618', '天元区', '251'), ('1619', '株洲县', '251'), ('1620', '攸县', '251'), ('1621', '茶陵县', '251'), ('1622', '炎陵县', '251'), ('1623', '醴陵市', '251'), ('1624', '雨湖区', '252'), ('1625', '岳塘区', '252'), ('1626', '湘潭县', '252'), ('1627', '湘乡市', '252'), ('1628', '韶山市', '252'), ('1629', '珠晖区', '253'), ('1630', '雁峰区', '253'), ('1631', '石鼓区', '253'), ('1632', '蒸湘区', '253'), ('1633', '南岳区', '253'), ('1634', '衡阳县', '253'), ('1635', '衡南县', '253'), ('1636', '衡山县', '253'), ('1637', '衡东县', '253'), ('1638', '祁东县', '253'), ('1639', '耒阳市', '253'), ('1640', '常宁市', '253'), ('1641', '双清区', '254'), ('1642', '大祥区', '254'), ('1643', '北塔区', '254'), ('1644', '邵东县', '254'), ('1645', '新邵县', '254'), ('1646', '邵阳县', '254'), ('1647', '隆回县', '254'), ('1648', '洞口县', '254'), ('1649', '绥宁县', '254'), ('1650', '新宁县', '254'), ('1651', '城步苗族自治县', '254'), ('1652', '武冈市', '254'), ('1653', '岳阳楼区', '255'), ('1654', '云溪区', '255'), ('1655', '君山区', '255'), ('1656', '岳阳县', '255'), ('1657', '华容县', '255'), ('1658', '湘阴县', '255'), ('1659', '平江县', '255'), ('1660', '汨罗市', '255'), ('1661', '临湘市', '255'), ('1662', '武陵区', '256'), ('1663', '鼎城区', '256'), ('1664', '安乡县', '256'), ('1665', '汉寿县', '256'), ('1666', '澧县', '256'), ('1667', '临澧县', '256'), ('1668', '桃源县', '256'), ('1669', '石门县', '256'), ('1670', '津市市', '256'), ('1671', '永定区', '257'), ('1672', '武陵源区', '257'), ('1673', '慈利县', '257'), ('1674', '桑植县', '257'), ('1675', '资阳区', '258'), ('1676', '赫山区', '258'), ('1677', '南县', '258'), ('1678', '桃江县', '258'), ('1679', '安化县', '258'), ('1680', '沅江市', '258'), ('1681', '北湖区', '259'), ('1682', '苏仙区', '259'), ('1683', '桂阳县', '259'), ('1684', '宜章县', '259'), ('1685', '永兴县', '259'), ('1686', '嘉禾县', '259'), ('1687', '临武县', '259'), ('1688', '汝城县', '259'), ('1689', '桂东县', '259'), ('1690', '安仁县', '259'), ('1691', '资兴市', '259'), ('1692', '零陵区', '260'), ('1693', '冷水滩区', '260'), ('1694', '祁阳县', '260'), ('1695', '东安县', '260'), ('1696', '双牌县', '260'), ('1697', '道县', '260'), ('1698', '江永县', '260'), ('1699', '宁远县', '260'), ('1700', '蓝山县', '260'), ('1701', '新田县', '260'), ('1702', '江华瑶族自治县', '260'), ('1703', '鹤城区', '261'), ('1704', '中方县', '261'), ('1705', '沅陵县', '261'), ('1706', '辰溪县', '261'), ('1707', '溆浦县', '261'), ('1708', '会同县', '261'), ('1709', '麻阳苗族自治县', '261'), ('1710', '新晃侗族自治县', '261'), ('1711', '芷江侗族自治县', '261'), ('1712', '靖州苗族侗族自治县', '261'), ('1713', '通道侗族自治县', '261'), ('1714', '洪江市', '261'), ('1715', '娄星区', '262'), ('1716', '双峰县', '262'), ('1717', '新化县', '262'), ('1718', '冷水江市', '262'), ('1719', '涟源市', '262'), ('1720', '吉首市', '263'), ('1721', '泸溪县', '263'), ('1722', '凤凰县', '263'), ('1723', '花垣县', '263'), ('1724', '保靖县', '263'), ('1725', '古丈县', '263'), ('1726', '永顺县', '263'), ('1727', '龙山县', '263'), ('1728', '秀英区', '264'), ('1729', '龙华区', '264'), ('1730', '琼山区', '264'), ('1731', '美兰区', '264'), ('1732', '三亚市', '265'), ('1733', '五指山市', '266'), ('1734', '琼海市', '267'), ('1735', '儋州市', '268'), ('1736', '文昌市', '269'), ('1737', '万宁市', '270'), ('1738', '东方市', '271'), ('1739', '定安县', '272'), ('1740', '屯昌县', '273'), ('1741', '澄迈县', '274'), ('1742', '临高县', '275'), ('1743', '白沙黎族自治县', '276'), ('1744', '昌江黎族自治县', '277'), ('1745', '乐东黎族自治县', '278'), ('1746', '陵水黎族自治县', '279'), ('1747', '保亭黎族苗族自治县', '280'), ('1748', '琼中黎族苗族自治县', '281'), ('1749', '玄武区', '282'), ('1750', '白下区', '282'), ('1751', '秦淮区', '282'), ('1752', '建邺区', '282'), ('1753', '鼓楼区', '282'), ('1754', '下关区', '282'), ('1755', '浦口区', '282'), ('1756', '栖霞区', '282'), ('1757', '雨花台区', '282'), ('1758', '江宁区', '282'), ('1759', '六合区', '282'), ('1760', '溧水县', '282'), ('1761', '高淳县', '282'), ('1762', '崇安区', '283'), ('1763', '南长区', '283'), ('1764', '北塘区', '283'), ('1765', '锡山区', '283'), ('1766', '惠山区', '283'), ('1767', '滨湖区', '283'), ('1768', '江阴市', '283'), ('1769', '宜兴市', '283'), ('1770', '鼓楼区', '284'), ('1771', '云龙区', '284'), ('1772', '九里区', '284'), ('1773', '贾汪区', '284'), ('1774', '泉山区', '284'), ('1775', '丰县', '284'), ('1776', '沛县', '284'), ('1777', '铜山县', '284'), ('1778', '睢宁县', '284'), ('1779', '新沂市', '284'), ('1780', '邳州市', '284'), ('1781', '天宁区', '285'), ('1782', '钟楼区', '285'), ('1783', '戚墅堰区', '285'), ('1784', '新北区', '285'), ('1785', '武进区', '285'), ('1786', '溧阳市', '285'), ('1787', '金坛市', '285'), ('1788', '沧浪区', '286'), ('1789', '平江区', '286'), ('1790', '金阊区', '286'), ('1791', '虎丘区', '286'), ('1792', '吴中区', '286'), ('1793', '相城区', '286'), ('1794', '常熟市', '286'), ('1795', '张家港市', '286'), ('1796', '昆山市', '286'), ('1797', '吴江市', '286'), ('1798', '太仓市', '286'), ('1799', '崇川区', '287'), ('1800', '港闸区', '287'), ('1801', '海安县', '287'), ('1802', '如东县', '287'), ('1803', '启东市', '287'), ('1804', '如皋市', '287'), ('1805', '通州市', '287'), ('1806', '海门市', '287'), ('1807', '连云区', '288'), ('1808', '新浦区', '288'), ('1809', '海州区', '288'), ('1810', '赣榆县', '288'), ('1811', '东海县', '288'), ('1812', '灌云县', '288'), ('1813', '灌南县', '288'), ('1814', '清河区', '289'), ('1815', '楚州区', '289'), ('1816', '淮阴区', '289'), ('1817', '清浦区', '289'), ('1818', '涟水县', '289'), ('1819', '洪泽县', '289'), ('1820', '盱眙县', '289'), ('1821', '金湖县', '289'), ('1822', '亭湖区', '290'), ('1823', '盐都区', '290'), ('1824', '响水县', '290'), ('1825', '滨海县', '290'), ('1826', '阜宁县', '290'), ('1827', '射阳县', '290'), ('1828', '建湖县', '290'), ('1829', '东台市', '290'), ('1830', '大丰市', '290'), ('1831', '广陵区', '291'), ('1832', '邗江区', '291'), ('1833', '维扬区', '291'), ('1834', '宝应县', '291'), ('1835', '仪征市', '291'), ('1836', '高邮市', '291'), ('1837', '江都市', '291'), ('1838', '京口区', '292'), ('1839', '润州区', '292'), ('1840', '丹徒区', '292'), ('1841', '丹阳市', '292'), ('1842', '扬中市', '292'), ('1843', '句容市', '292'), ('1844', '海陵区', '293'), ('1845', '高港区', '293'), ('1846', '兴化市', '293'), ('1847', '靖江市', '293'), ('1848', '泰兴市', '293'), ('1849', '姜堰市', '293'), ('1850', '宿城区', '294'), ('1851', '宿豫区', '294'), ('1852', '沭阳县', '294'), ('1853', '泗阳县', '294'), ('1854', '泗洪县', '294'), ('1855', '东湖区', '295'), ('1856', '西湖区', '295'), ('1857', '青云谱区', '295'), ('1858', '湾里区', '295'), ('1859', '青山湖区', '295'), ('1860', '南昌县', '295'), ('1861', '新建县', '295'), ('1862', '安义县', '295'), ('1863', '进贤县', '295'), ('1864', '昌江区', '296'), ('1865', '珠山区', '296'), ('1866', '浮梁县', '296'), ('1867', '乐平市', '296'), ('1868', '安源区', '297'), ('1869', '湘东区', '297'), ('1870', '莲花县', '297'), ('1871', '上栗县', '297'), ('1872', '芦溪县', '297'), ('1873', '庐山区', '298'), ('1874', '浔阳区', '298'), ('1875', '九江县', '298'), ('1876', '武宁县', '298'), ('1877', '修水县', '298'), ('1878', '永修县', '298'), ('1879', '德安县', '298'), ('1880', '星子县', '298'), ('1881', '都昌县', '298'), ('1882', '湖口县', '298'), ('1883', '彭泽县', '298'), ('1884', '瑞昌市', '298'), ('1885', '渝水区', '299'), ('1886', '分宜县', '299'), ('1887', '月湖区', '300'), ('1888', '余江县', '300'), ('1889', '贵溪市', '300'), ('1890', '章贡区', '301'), ('1891', '赣县', '301'), ('1892', '信丰县', '301'), ('1893', '大余县', '301'), ('1894', '上犹县', '301'), ('1895', '崇义县', '301'), ('1896', '安远县', '301'), ('1897', '龙南县', '301'), ('1898', '定南县', '301'), ('1899', '全南县', '301'), ('1900', '宁都县', '301'), ('1901', '于都县', '301'), ('1902', '兴国县', '301'), ('1903', '会昌县', '301'), ('1904', '寻乌县', '301'), ('1905', '石城县', '301'), ('1906', '瑞金市', '301'), ('1907', '南康市', '301'), ('1908', '吉州区', '302'), ('1909', '青原区', '302'), ('1910', '吉安县', '302'), ('1911', '吉水县', '302'), ('1912', '峡江县', '302'), ('1913', '新干县', '302'), ('1914', '永丰县', '302'), ('1915', '泰和县', '302'), ('1916', '遂川县', '302'), ('1917', '万安县', '302'), ('1918', '安福县', '302'), ('1919', '永新县', '302'), ('1920', '井冈山市', '302'), ('1921', '袁州区', '303'), ('1922', '奉新县', '303'), ('1923', '万载县', '303'), ('1924', '上高县', '303'), ('1925', '宜丰县', '303'), ('1926', '靖安县', '303'), ('1927', '铜鼓县', '303'), ('1928', '丰城市', '303'), ('1929', '樟树市', '303'), ('1930', '高安市', '303'), ('1931', '临川区', '304'), ('1932', '南城县', '304'), ('1933', '黎川县', '304'), ('1934', '南丰县', '304'), ('1935', '崇仁县', '304'), ('1936', '乐安县', '304'), ('1937', '宜黄县', '304'), ('1938', '金溪县', '304'), ('1939', '资溪县', '304'), ('1940', '东乡县', '304'), ('1941', '广昌县', '304'), ('1942', '信州区', '305'), ('1943', '上饶县', '305'), ('1944', '广丰县', '305'), ('1945', '玉山县', '305'), ('1946', '铅山县', '305'), ('1947', '横峰县', '305'), ('1948', '弋阳县', '305'), ('1949', '余干县', '305'), ('1950', '鄱阳县', '305'), ('1951', '万年县', '305'), ('1952', '婺源县', '305'), ('1953', '德兴市', '305'), ('1954', '荔湾区', '306'), ('1955', '越秀区', '306'), ('1956', '海珠区', '306'), ('1957', '天河区', '306'), ('1958', '白云区', '306'), ('1959', '黄埔区', '306'), ('1960', '番禺区', '306'), ('1961', '花都区', '306'), ('1962', '南沙区', '306'), ('1963', '萝岗区', '306'), ('1964', '增城市', '306'), ('1965', '从化市', '306'), ('1966', '武江区', '307'), ('1967', '浈江区', '307'), ('1968', '曲江区', '307'), ('1969', '始兴县', '307'), ('1970', '仁化县', '307'), ('1971', '翁源县', '307'), ('1972', '乳源瑶族自治县', '307'), ('1973', '新丰县', '307'), ('1974', '乐昌市', '307'), ('1975', '南雄市', '307'), ('1976', '罗湖区', '308'), ('1977', '福田区', '308'), ('1978', '南山区', '308'), ('1979', '宝安区', '308'), ('1980', '龙岗区', '308'), ('1981', '盐田区', '308'), ('1982', '香洲区', '309'), ('1983', '斗门区', '309'), ('1984', '金湾区', '309'), ('1985', '龙湖区', '310'), ('1986', '金平区', '310'), ('1987', '濠江区', '310'), ('1988', '潮阳区', '310'), ('1989', '潮南区', '310'), ('1990', '澄海区', '310'), ('1991', '南澳县', '310'), ('1992', '禅城区', '311'), ('1993', '南海区', '311'), ('1994', '顺德区', '311'), ('1995', '三水区', '311'), ('1996', '高明区', '311'), ('1997', '蓬江区', '312'), ('1998', '江海区', '312'), ('1999', '新会区', '312'), ('2000', '台山市', '312'), ('2001', '开平市', '312'), ('2002', '鹤山市', '312'), ('2003', '恩平市', '312'), ('2004', '赤坎区', '313'), ('2005', '霞山区', '313'), ('2006', '坡头区', '313'), ('2007', '麻章区', '313'), ('2008', '遂溪县', '313'), ('2009', '徐闻县', '313'), ('2010', '廉江市', '313'), ('2011', '雷州市', '313'), ('2012', '吴川市', '313'), ('2013', '茂南区', '314'), ('2014', '茂港区', '314'), ('2015', '电白县', '314'), ('2016', '高州市', '314'), ('2017', '化州市', '314'), ('2018', '信宜市', '314'), ('2019', '端州区', '315'), ('2020', '鼎湖区', '315'), ('2021', '广宁县', '315'), ('2022', '怀集县', '315'), ('2023', '封开县', '315'), ('2024', '德庆县', '315'), ('2025', '高要市', '315'), ('2026', '四会市', '315'), ('2027', '惠城区', '316'), ('2028', '惠阳区', '316'), ('2029', '博罗县', '316'), ('2030', '惠东县', '316'), ('2031', '龙门县', '316'), ('2032', '梅江区', '317'), ('2033', '梅县', '317'), ('2034', '大埔县', '317'), ('2035', '丰顺县', '317'), ('2036', '五华县', '317'), ('2037', '平远县', '317'), ('2038', '蕉岭县', '317'), ('2039', '兴宁市', '317'), ('2040', '城区', '318'), ('2041', '海丰县', '318'), ('2042', '陆河县', '318'), ('2043', '陆丰市', '318'), ('2044', '源城区', '319'), ('2045', '紫金县', '319'), ('2046', '龙川县', '319'), ('2047', '连平县', '319'), ('2048', '和平县', '319'), ('2049', '东源县', '319'), ('2050', '江城区', '320'), ('2051', '阳西县', '320'), ('2052', '阳东县', '320'), ('2053', '阳春市', '320'), ('2054', '清城区', '321'), ('2055', '佛冈县', '321'), ('2056', '阳山县', '321'), ('2057', '连山壮族瑶族自治县', '321'), ('2058', '连南瑶族自治县', '321'), ('2059', '清新县', '321'), ('2060', '英德市', '321'), ('2061', '连州市', '321'), ('2062', '东莞市', '322'), ('2063', '中山市', '323'), ('2064', '湘桥区', '324'), ('2065', '潮安县', '324'), ('2066', '饶平县', '324'), ('2067', '榕城区', '325'), ('2068', '揭东县', '325'), ('2069', '揭西县', '325'), ('2070', '惠来县', '325'), ('2071', '普宁市', '325'), ('2072', '云城区', '326'), ('2073', '新兴县', '326'), ('2074', '郁南县', '326'), ('2075', '云安县', '326'), ('2076', '罗定市', '326'), ('2077', '兴宁区', '327'), ('2078', '青秀区', '327'), ('2079', '江南区', '327'), ('2080', '西乡塘区', '327'), ('2081', '良庆区', '327'), ('2082', '邕宁区', '327'), ('2083', '武鸣县', '327'), ('2084', '隆安县', '327'), ('2085', '马山县', '327'), ('2086', '上林县', '327'), ('2087', '宾阳县', '327'), ('2088', '横县', '327'), ('2089', '城中区', '328'), ('2090', '鱼峰区', '328'), ('2091', '柳南区', '328'), ('2092', '柳北区', '328'), ('2093', '柳江县', '328'), ('2094', '柳城县', '328'), ('2095', '鹿寨县', '328'), ('2096', '融安县', '328'), ('2097', '融水苗族自治县', '328'), ('2098', '三江侗族自治县', '328'), ('2099', '秀峰区', '329'), ('2100', '叠彩区', '329'), ('2101', '象山区', '329'), ('2102', '七星区', '329'), ('2103', '雁山区', '329'), ('2104', '阳朔县', '329'), ('2105', '临桂县', '329'), ('2106', '灵川县', '329'), ('2107', '全州县', '329'), ('2108', '兴安县', '329'), ('2109', '永福县', '329'), ('2110', '灌阳县', '329'), ('2111', '龙胜各族自治县', '329'), ('2112', '资源县', '329'), ('2113', '平乐县', '329'), ('2114', '荔蒲县', '329'), ('2115', '恭城瑶族自治县', '329'), ('2116', '万秀区', '330'), ('2117', '蝶山区', '330'), ('2118', '长洲区', '330'), ('2119', '苍梧县', '330'), ('2120', '藤县', '330'), ('2121', '蒙山县', '330'), ('2122', '岑溪市', '330'), ('2123', '海城区', '331'), ('2124', '银海区', '331'), ('2125', '铁山港区', '331'), ('2126', '合浦县', '331'), ('2127', '港口区', '332'), ('2128', '防城区', '332'), ('2129', '上思县', '332'), ('2130', '东兴市', '332'), ('2131', '钦南区', '333'), ('2132', '钦北区', '333'), ('2133', '灵山县', '333'), ('2134', '浦北县', '333'), ('2135', '港北区', '334'), ('2136', '港南区', '334'), ('2137', '覃塘区', '334'), ('2138', '平南县', '334'), ('2139', '桂平市', '334'), ('2140', '玉州区', '335'), ('2141', '容县', '335'), ('2142', '陆川县', '335'), ('2143', '博白县', '335'), ('2144', '兴业县', '335'), ('2145', '北流市', '335'), ('2146', '右江区', '336'), ('2147', '田阳县', '336'), ('2148', '田东县', '336'), ('2149', '平果县', '336'), ('2150', '德保县', '336'), ('2151', '靖西县', '336'), ('2152', '那坡县', '336'), ('2153', '凌云县', '336'), ('2154', '乐业县', '336'), ('2155', '田林县', '336'), ('2156', '西林县', '336'), ('2157', '隆林各族自治县', '336'), ('2158', '八步区', '337'), ('2159', '昭平县', '337'), ('2160', '钟山县', '337'), ('2161', '富川瑶族自治县', '337'), ('2162', '金城江区', '338'), ('2163', '南丹县', '338'), ('2164', '天峨县', '338'), ('2165', '凤山县', '338'), ('2166', '东兰县', '338'), ('2167', '罗城仫佬族自治县', '338'), ('2168', '环江毛南族自治县', '338'), ('2169', '巴马瑶族自治县', '338'), ('2170', '都安瑶族自治县', '338'), ('2171', '大化瑶族自治县', '338'), ('2172', '宜州市', '338'), ('2173', '兴宾区', '339'), ('2174', '忻城县', '339'), ('2175', '象州县', '339'), ('2176', '武宣县', '339'), ('2177', '金秀瑶族自治县', '339'), ('2178', '合山市', '339'), ('2179', '江洲区', '340'), ('2180', '扶绥县', '340'), ('2181', '宁明县', '340'), ('2182', '龙州县', '340'), ('2183', '大新县', '340'), ('2184', '天等县', '340'), ('2185', '凭祥市', '340'), ('2186', '五华区', '341'), ('2187', '盘龙区', '341'), ('2188', '官渡区', '341'), ('2189', '西山区', '341'), ('2190', '东川区', '341'), ('2191', '呈贡县', '341'), ('2192', '晋宁县', '341'), ('2193', '富民县', '341'), ('2194', '宜良县', '341'), ('2195', '石林彝族自治县', '341'), ('2196', '嵩明县', '341'), ('2197', '禄劝彝族苗族自治县', '341'), ('2198', '寻甸回族彝族自治县', '341'), ('2199', '安宁市', '341'), ('2200', '麒麟区', '342'), ('2201', '马龙县', '342'), ('2202', '陆良县', '342'), ('2203', '师宗县', '342'), ('2204', '罗平县', '342'), ('2205', '富源县', '342'), ('2206', '会泽县', '342'), ('2207', '沾益县', '342'), ('2208', '宣威市', '342'), ('2209', '红塔区', '343'), ('2210', '江川县', '343'), ('2211', '澄江县', '343'), ('2212', '通海县', '343'), ('2213', '华宁县', '343'), ('2214', '易门县', '343'), ('2215', '峨山彝族自治县', '343'), ('2216', '新平彝族傣族自治县', '343'), ('2217', '元江哈尼族彝族傣族自治县', '343'), ('2218', '隆阳区', '344'), ('2219', '施甸县', '344'), ('2220', '腾冲县', '344'), ('2221', '龙陵县', '344'), ('2222', '昌宁县', '344'), ('2223', '昭阳区', '345'), ('2224', '鲁甸县', '345'), ('2225', '巧家县', '345'), ('2226', '盐津县', '345'), ('2227', '大关县', '345'), ('2228', '永善县', '345'), ('2229', '绥江县', '345'), ('2230', '镇雄县', '345'), ('2231', '彝良县', '345'), ('2232', '威信县', '345'), ('2233', '水富县', '345'), ('2234', '古城区', '346'), ('2235', '玉龙纳西族自治县', '346'), ('2236', '永胜县', '346'), ('2237', '华坪县', '346'), ('2238', '宁蒗彝族自治县', '346'), ('2239', '翠云区', '347'), ('2240', '普洱哈尼族彝族自治县', '347'), ('2241', '墨江哈尼族自治县', '347'), ('2242', '景东彝族自治县', '347'), ('2243', '景谷傣族彝族自治县', '347'), ('2244', '镇沅彝族哈尼族拉祜族自治县', '347'), ('2245', '江城哈尼族彝族自治县', '347'), ('2246', '孟连傣族拉祜族佤族自治县', '347'), ('2247', '澜沧拉祜族自治县', '347'), ('2248', '西盟佤族自治县', '347'), ('2249', '临翔区', '348'), ('2250', '凤庆县', '348'), ('2251', '云县', '348'), ('2252', '永德县', '348'), ('2253', '镇康县', '348'), ('2254', '双江拉祜族佤族布朗族傣族自治县', '348'), ('2255', '耿马傣族佤族自治县', '348'), ('2256', '沧源佤族自治县', '348'), ('2257', '楚雄市', '349'), ('2258', '双柏县', '349'), ('2259', '牟定县', '349'), ('2260', '南华县', '349'), ('2261', '姚安县', '349'), ('2262', '大姚县', '349'), ('2263', '永仁县', '349'), ('2264', '元谋县', '349'), ('2265', '武定县', '349'), ('2266', '禄丰县', '349'), ('2267', '个旧市', '350'), ('2268', '开远市', '350'), ('2269', '蒙自县', '350'), ('2270', '屏边苗族自治县', '350'), ('2271', '建水县', '350'), ('2272', '石屏县', '350'), ('2273', '弥勒县', '350'), ('2274', '泸西县', '350'), ('2275', '元阳县', '350'), ('2276', '红河县', '350'), ('2277', '金平苗族瑶族傣族自治县', '350'), ('2278', '绿春县', '350'), ('2279', '河口瑶族自治县', '350'), ('2280', '文山县', '351'), ('2281', '砚山县', '351'), ('2282', '西畴县', '351'), ('2283', '麻栗坡县', '351'), ('2284', '马关县', '351'), ('2285', '丘北县', '351'), ('2286', '广南县', '351'), ('2287', '富宁县', '351'), ('2288', '景洪市', '352'), ('2289', '勐海县', '352'), ('2290', '勐腊县', '352'), ('2291', '大理市', '353'), ('2292', '漾濞彝族自治县', '353'), ('2293', '祥云县', '353'), ('2294', '宾川县', '353'), ('2295', '弥渡县', '353'), ('2296', '南涧彝族自治县', '353'), ('2297', '巍山彝族回族自治县', '353'), ('2298', '永平县', '353'), ('2299', '云龙县', '353'), ('2300', '洱源县', '353'), ('2301', '剑川县', '353'), ('2302', '鹤庆县', '353'), ('2303', '瑞丽市', '354'), ('2304', '潞西市', '354'), ('2305', '梁河县', '354'), ('2306', '盈江县', '354'), ('2307', '陇川县', '354'), ('2308', '泸水县', '355'), ('2309', '福贡县', '355'), ('2310', '贡山独龙族怒族自治县', '355'), ('2311', '兰坪白族普米族自治县', '355'), ('2312', '香格里拉县', '356'), ('2313', '德钦县', '356'), ('2314', '维西傈僳族自治县', '356'), ('2315', '南明区', '357'), ('2316', '云岩区', '357'), ('2317', '花溪区', '357'), ('2318', '乌当区', '357'), ('2319', '白云区', '357'), ('2320', '小河区', '357'), ('2321', '开阳县', '357'), ('2322', '息烽县', '357'), ('2323', '修文县', '357'), ('2324', '清镇市', '357'), ('2325', '钟山区', '358'), ('2326', '六枝特区', '358'), ('2327', '水城县', '358'), ('2328', '盘县', '358'), ('2329', '红花岗区', '359'), ('2330', '汇川区', '359'), ('2331', '遵义县', '359'), ('2332', '桐梓县', '359'), ('2333', '绥阳县', '359'), ('2334', '正安县', '359'), ('2335', '道真仡佬族苗族自治县', '359'), ('2336', '务川仡佬族苗族自治县', '359'), ('2337', '凤冈县', '359'), ('2338', '湄潭县', '359'), ('2339', '余庆县', '359'), ('2340', '习水县', '359'), ('2341', '赤水市', '359'), ('2342', '仁怀市', '359'), ('2343', '西秀区', '360'), ('2344', '平坝县', '360'), ('2345', '普定县', '360'), ('2346', '镇宁布依族苗族自治县', '360'), ('2347', '关岭布依族苗族自治县', '360'), ('2348', '紫云苗族布依族自治县', '360'), ('2349', '铜仁市', '361'), ('2350', '江口县', '361'), ('2351', '玉屏侗族自治县', '361'), ('2352', '石阡县', '361'), ('2353', '思南县', '361'), ('2354', '印江土家族苗族自治县', '361'), ('2355', '德江县', '361'), ('2356', '沿河土家族自治县', '361'), ('2357', '松桃苗族自治县', '361'), ('2358', '万山特区', '361'), ('2359', '兴义市', '362'), ('2360', '兴仁县', '362'), ('2361', '普安县', '362'), ('2362', '晴隆县', '362'), ('2363', '贞丰县', '362'), ('2364', '望谟县', '362'), ('2365', '册亨县', '362'), ('2366', '安龙县', '362'), ('2367', '毕节市', '363'), ('2368', '大方县', '363'), ('2369', '黔西县', '363'), ('2370', '金沙县', '363'), ('2371', '织金县', '363'), ('2372', '纳雍县', '363'), ('2373', '威宁彝族回族苗族自治县', '363'), ('2374', '赫章县', '363'), ('2375', '凯里市', '364'), ('2376', '黄平县', '364'), ('2377', '施秉县', '364'), ('2378', '三穗县', '364'), ('2379', '镇远县', '364'), ('2380', '岑巩县', '364'), ('2381', '天柱县', '364'), ('2382', '锦屏县', '364'), ('2383', '剑河县', '364'), ('2384', '台江县', '364'), ('2385', '黎平县', '364'), ('2386', '榕江县', '364'), ('2387', '从江县', '364'), ('2388', '雷山县', '364'), ('2389', '麻江县', '364'), ('2390', '丹寨县', '364'), ('2391', '都匀市', '365'), ('2392', '福泉市', '365'), ('2393', '荔波县', '365'), ('2394', '贵定县', '365'), ('2395', '瓮安县', '365'), ('2396', '独山县', '365'), ('2397', '平塘县', '365'), ('2398', '罗甸县', '365'), ('2399', '长顺县', '365'), ('2400', '龙里县', '365'), ('2401', '惠水县', '365'), ('2402', '三都水族自治县', '365'), ('2403', '锦江区', '366'), ('2404', '青羊区', '366'), ('2405', '金牛区', '366'), ('2406', '武侯区', '366'), ('2407', '成华区', '366'), ('2408', '龙泉驿区', '366'), ('2409', '青白江区', '366'), ('2410', '新都区', '366'), ('2411', '温江区', '366'), ('2412', '金堂县', '366'), ('2413', '双流县', '366'), ('2414', '郫县', '366'), ('2415', '大邑县', '366'), ('2416', '蒲江县', '366'), ('2417', '新津县', '366'), ('2418', '都江堰市', '366'), ('2419', '彭州市', '366'), ('2420', '邛崃市', '366'), ('2421', '崇州市', '366'), ('2422', '自流井区', '367'), ('2423', '贡井区', '367'), ('2424', '大安区', '367'), ('2425', '沿滩区', '367'), ('2426', '荣县', '367'), ('2427', '富顺县', '367'), ('2428', '东区', '368'), ('2429', '西区', '368'), ('2430', '仁和区', '368'), ('2431', '米易县', '368'), ('2432', '盐边县', '368'), ('2433', '江阳区', '369'), ('2434', '纳溪区', '369'), ('2435', '龙马潭区', '369'), ('2436', '泸县', '369'), ('2437', '合江县', '369'), ('2438', '叙永县', '369'), ('2439', '古蔺县', '369'), ('2440', '旌阳区', '370'), ('2441', '中江县', '370'), ('2442', '罗江县', '370'), ('2443', '广汉市', '370'), ('2444', '什邡市', '370'), ('2445', '绵竹市', '370'), ('2446', '涪城区', '371'), ('2447', '游仙区', '371'), ('2448', '三台县', '371'), ('2449', '盐亭县', '371'), ('2450', '安县', '371'), ('2451', '梓潼县', '371'), ('2452', '北川羌族自治县', '371'), ('2453', '平武县', '371'), ('2454', '江油市', '371'), ('2455', '市中区', '372'), ('2456', '元坝区', '372'), ('2457', '朝天区', '372'), ('2458', '旺苍县', '372'), ('2459', '青川县', '372'), ('2460', '剑阁县', '372'), ('2461', '苍溪县', '372'), ('2462', '船山区', '373'), ('2463', '安居区', '373'), ('2464', '蓬溪县', '373'), ('2465', '射洪县', '373'), ('2466', '大英县', '373'), ('2467', '市中区', '374'), ('2468', '东兴区', '374'), ('2469', '威远县', '374'), ('2470', '资中县', '374'), ('2471', '隆昌县', '374'), ('2472', '市中区', '375'), ('2473', '沙湾区', '375'), ('2474', '五通桥区', '375'), ('2475', '金口河区', '375'), ('2476', '犍为县', '375'), ('2477', '井研县', '375'), ('2478', '夹江县', '375'), ('2479', '沐川县', '375'), ('2480', '峨边彝族自治县', '375'), ('2481', '马边彝族自治县', '375'), ('2482', '峨眉山市', '375'), ('2483', '顺庆区', '376'), ('2484', '高坪区', '376'), ('2485', '嘉陵区', '376'), ('2486', '南部县', '376'), ('2487', '营山县', '376'), ('2488', '蓬安县', '376'), ('2489', '仪陇县', '376'), ('2490', '西充县', '376'), ('2491', '阆中市', '376'), ('2492', '东坡区', '377'), ('2493', '仁寿县', '377'), ('2494', '彭山县', '377'), ('2495', '洪雅县', '377'), ('2496', '丹棱县', '377'), ('2497', '青神县', '377'), ('2498', '翠屏区', '378'), ('2499', '宜宾县', '378'), ('2500', '南溪县', '378'), ('2501', '江安县', '378'), ('2502', '长宁县', '378'), ('2503', '高县', '378'), ('2504', '珙县', '378'), ('2505', '筠连县', '378'), ('2506', '兴文县', '378'), ('2507', '屏山县', '378'), ('2508', '广安区', '379'), ('2509', '岳池县', '379'), ('2510', '武胜县', '379'), ('2511', '邻水县', '379'), ('2512', '华蓥市', '379'), ('2513', '通川区', '380'), ('2514', '达县', '380'), ('2515', '宣汉县', '380'), ('2516', '开江县', '380'), ('2517', '大竹县', '380'), ('2518', '渠县', '380'), ('2519', '万源市', '380'), ('2520', '雨城区', '381'), ('2521', '名山县', '381'), ('2522', '荥经县', '381'), ('2523', '汉源县', '381'), ('2524', '石棉县', '381'), ('2525', '天全县', '381'), ('2526', '芦山县', '381'), ('2527', '宝兴县', '381'), ('2528', '巴州区', '382'), ('2529', '通江县', '382'), ('2530', '南江县', '382'), ('2531', '平昌县', '382'), ('2532', '雁江区', '383'), ('2533', '安岳县', '383'), ('2534', '乐至县', '383'), ('2535', '简阳市', '383'), ('2536', '汶川县', '384'), ('2537', '理县', '384'), ('2538', '茂县', '384'), ('2539', '松潘县', '384'), ('2540', '九寨沟县', '384'), ('2541', '金川县', '384'), ('2542', '小金县', '384'), ('2543', '黑水县', '384'), ('2544', '马尔康县', '384'), ('2545', '壤塘县', '384'), ('2546', '阿坝县', '384'), ('2547', '若尔盖县', '384'), ('2548', '红原县', '384'), ('2549', '康定县', '385'), ('2550', '泸定县', '385'), ('2551', '丹巴县', '385'), ('2552', '九龙县', '385'), ('2553', '雅江县', '385'), ('2554', '道孚县', '385'), ('2555', '炉霍县', '385'), ('2556', '甘孜县', '385'), ('2557', '新龙县', '385'), ('2558', '德格县', '385'), ('2559', '白玉县', '385'), ('2560', '石渠县', '385'), ('2561', '色达县', '385'), ('2562', '理塘县', '385'), ('2563', '巴塘县', '385'), ('2564', '乡城县', '385'), ('2565', '稻城县', '385'), ('2566', '得荣县', '385'), ('2567', '西昌市', '386'), ('2568', '木里藏族自治县', '386'), ('2569', '盐源县', '386'), ('2570', '德昌县', '386'), ('2571', '会理县', '386'), ('2572', '会东县', '386'), ('2573', '宁南县', '386'), ('2574', '普格县', '386'), ('2575', '布拖县', '386'), ('2576', '金阳县', '386'), ('2577', '昭觉县', '386'), ('2578', '喜德县', '386'), ('2579', '冕宁县', '386'), ('2580', '越西县', '386'), ('2581', '甘洛县', '386'), ('2582', '美姑县', '386'), ('2583', '雷波县', '386'), ('2584', '新城区', '387'), ('2585', '回民区', '387'), ('2586', '玉泉区', '387'), ('2587', '赛罕区', '387'), ('2588', '土默特左旗', '387'), ('2589', '托克托县', '387'), ('2590', '和林格尔县', '387'), ('2591', '清水河县', '387'), ('2592', '武川县', '387'), ('2593', '东河区', '388'), ('2594', '昆都仑区', '388'), ('2595', '青山区', '388'), ('2596', '石拐区', '388'), ('2597', '白云矿区', '388'), ('2598', '九原区', '388'), ('2599', '土默特右旗', '388'), ('2600', '固阳县', '388'), ('2601', '达尔罕茂明安联合旗', '388'), ('2602', '海勃湾区', '389'), ('2603', '海南区', '389'), ('2604', '乌达区', '389'), ('2605', '红山区', '390'), ('2606', '元宝山区', '390'), ('2607', '松山区', '390'), ('2608', '阿鲁科尔沁旗', '390'), ('2609', '巴林左旗', '390'), ('2610', '巴林右旗', '390'), ('2611', '林西县', '390'), ('2612', '克什克腾旗', '390'), ('2613', '翁牛特旗', '390'), ('2614', '喀喇沁旗', '390'), ('2615', '宁城县', '390'), ('2616', '敖汉旗', '390'), ('2617', '科尔沁区', '391'), ('2618', '科尔沁左翼中旗', '391'), ('2619', '科尔沁左翼后旗', '391'), ('2620', '开鲁县', '391'), ('2621', '库伦旗', '391'), ('2622', '奈曼旗', '391'), ('2623', '扎鲁特旗', '391'), ('2624', '霍林郭勒市', '391'), ('2625', '东胜区', '392'), ('2626', '达拉特旗', '392'), ('2627', '准格尔旗', '392'), ('2628', '鄂托克前旗', '392'), ('2629', '鄂托克旗', '392'), ('2630', '杭锦旗', '392'), ('2631', '乌审旗', '392'), ('2632', '伊金霍洛旗', '392'), ('2633', '海拉尔区', '393'), ('2634', '阿荣旗', '393'), ('2635', '莫力达瓦达斡尔族自治旗', '393'), ('2636', '鄂伦春自治旗', '393'), ('2637', '鄂温克族自治旗', '393'), ('2638', '陈巴尔虎旗', '393'), ('2639', '新巴尔虎左旗', '393'), ('2640', '新巴尔虎右旗', '393'), ('2641', '满洲里市', '393'), ('2642', '牙克石市', '393'), ('2643', '扎兰屯市', '393'), ('2644', '额尔古纳市', '393'), ('2645', '根河市', '393'), ('2646', '临河区', '394'), ('2647', '五原县', '394'), ('2648', '磴口县', '394'), ('2649', '乌拉特前旗', '394'), ('2650', '乌拉特中旗', '394'), ('2651', '乌拉特后旗', '394'), ('2652', '杭锦后旗', '394'), ('2653', '集宁区', '395'), ('2654', '卓资县', '395'), ('2655', '化德县', '395'), ('2656', '商都县', '395'), ('2657', '兴和县', '395'), ('2658', '凉城县', '395'), ('2659', '察哈尔右翼前旗', '395'), ('2660', '察哈尔右翼中旗', '395'), ('2661', '察哈尔右翼后旗', '395'), ('2662', '四子王旗', '395'), ('2663', '丰镇市', '395'), ('2664', '乌兰浩特市', '396'), ('2665', '阿尔山市', '396'), ('2666', '科尔沁右翼前旗', '396'), ('2667', '科尔沁右翼中旗', '396'), ('2668', '扎赉特旗', '396'), ('2669', '突泉县', '396'), ('2670', '二连浩特市', '397'), ('2671', '锡林浩特市', '397'), ('2672', '阿巴嘎旗', '397'), ('2673', '苏尼特左旗', '397'), ('2674', '苏尼特右旗', '397'), ('2675', '东乌珠穆沁旗', '397'), ('2676', '西乌珠穆沁旗', '397'), ('2677', '太仆寺旗', '397'), ('2678', '镶黄旗', '397'), ('2679', '正镶白旗', '397'), ('2680', '正蓝旗', '397'), ('2681', '多伦县', '397'), ('2682', '阿拉善左旗', '398'), ('2683', '阿拉善右旗', '398'), ('2684', '额济纳旗', '398'), ('2685', '兴庆区', '399'), ('2686', '西夏区', '399'), ('2687', '金凤区', '399'), ('2688', '永宁县', '399'), ('2689', '贺兰县', '399'), ('2690', '灵武市', '399'), ('2691', '大武口区', '400'), ('2692', '惠农区', '400'), ('2693', '平罗县', '400'), ('2694', '利通区', '401'), ('2695', '盐池县', '401'), ('2696', '同心县', '401'), ('2697', '青铜峡市', '401'), ('2698', '原州区', '402'), ('2699', '西吉县', '402'), ('2700', '隆德县', '402'), ('2701', '泾源县', '402'), ('2702', '彭阳县', '402'), ('2703', '沙坡头区', '403'), ('2704', '中宁县', '403'), ('2705', '海原县', '403'), ('2706', '城关区', '404'), ('2707', '七里河区', '404'), ('2708', '西固区', '404'), ('2709', '安宁区', '404'), ('2710', '红古区', '404'), ('2711', '永登县', '404'), ('2712', '皋兰县', '404'), ('2713', '榆中县', '404'), ('2714', '嘉峪关市', '405'), ('2715', '金川区', '406'), ('2716', '永昌县', '406'), ('2717', '白银区', '407'), ('2718', '平川区', '407'), ('2719', '靖远县', '407'), ('2720', '会宁县', '407'), ('2721', '景泰县', '407'), ('2722', '秦城区', '408'), ('2723', '北道区', '408'), ('2724', '清水县', '408'), ('2725', '秦安县', '408'), ('2726', '甘谷县', '408'), ('2727', '武山县', '408'), ('2728', '张家川回族自治县', '408'), ('2729', '凉州区', '409'), ('2730', '民勤县', '409'), ('2731', '古浪县', '409'), ('2732', '天祝藏族自治县', '409'), ('2733', '甘州区', '410'), ('2734', '肃南裕固族自治县', '410'), ('2735', '民乐县', '410'), ('2736', '临泽县', '410'), ('2737', '高台县', '410'), ('2738', '山丹县', '410'), ('2739', '崆峒区', '411'), ('2740', '泾川县', '411'), ('2741', '灵台县', '411'), ('2742', '崇信县', '411'), ('2743', '华亭县', '411'), ('2744', '庄浪县', '411'), ('2745', '静宁县', '411'), ('2746', '肃州区', '412'), ('2747', '金塔县', '412'), ('2748', '安西县', '412'), ('2749', '肃北蒙古族自治县', '412'), ('2750', '阿克塞哈萨克族自治县', '412'), ('2751', '玉门市', '412'), ('2752', '敦煌市', '412'), ('2753', '西峰区', '413'), ('2754', '庆城县', '413'), ('2755', '环县', '413'), ('2756', '华池县', '413'), ('2757', '合水县', '413'), ('2758', '正宁县', '413'), ('2759', '宁县', '413'), ('2760', '镇原县', '413'), ('2761', '安定区', '414'), ('2762', '通渭县', '414'), ('2763', '陇西县', '414'), ('2764', '渭源县', '414'), ('2765', '临洮县', '414'), ('2766', '漳县', '414'), ('2767', '岷县', '414');
INSERT INTO `bus_area` VALUES ('2768', '武都区', '415'), ('2769', '成县', '415'), ('2770', '文县', '415'), ('2771', '宕昌县', '415'), ('2772', '康县', '415'), ('2773', '西和县', '415'), ('2774', '礼县', '415'), ('2775', '徽县', '415'), ('2776', '两当县', '415'), ('2777', '临夏市', '416'), ('2778', '临夏县', '416'), ('2779', '康乐县', '416'), ('2780', '永靖县', '416'), ('2781', '广河县', '416'), ('2782', '和政县', '416'), ('2783', '东乡族自治县', '416'), ('2784', '积石山保安族东乡族撒拉族自治县', '416'), ('2785', '合作市', '417'), ('2786', '临潭县', '417'), ('2787', '卓尼县', '417'), ('2788', '舟曲县', '417'), ('2789', '迭部县', '417'), ('2790', '玛曲县', '417'), ('2791', '碌曲县', '417'), ('2792', '夏河县', '417'), ('2793', '城东区', '418'), ('2794', '城中区', '418'), ('2795', '城西区', '418'), ('2796', '城北区', '418'), ('2797', '大通回族土族自治县', '418'), ('2798', '湟中县', '418'), ('2799', '湟源县', '418'), ('2800', '平安县', '419'), ('2801', '民和回族土族自治县', '419'), ('2802', '乐都县', '419'), ('2803', '互助土族自治县', '419'), ('2804', '化隆回族自治县', '419'), ('2805', '循化撒拉族自治县', '419'), ('2806', '门源回族自治县', '420'), ('2807', '祁连县', '420'), ('2808', '海晏县', '420'), ('2809', '刚察县', '420'), ('2810', '同仁县', '421'), ('2811', '尖扎县', '421'), ('2812', '泽库县', '421'), ('2813', '河南蒙古族自治县', '421'), ('2814', '共和县', '422'), ('2815', '同德县', '422'), ('2816', '贵德县', '422'), ('2817', '兴海县', '422'), ('2818', '贵南县', '422'), ('2819', '玛沁县', '423'), ('2820', '班玛县', '423'), ('2821', '甘德县', '423'), ('2822', '达日县', '423'), ('2823', '久治县', '423'), ('2824', '玛多县', '423'), ('2825', '玉树县', '424'), ('2826', '杂多县', '424'), ('2827', '称多县', '424'), ('2828', '治多县', '424'), ('2829', '囊谦县', '424'), ('2830', '曲麻莱县', '424'), ('2831', '格尔木市', '425'), ('2832', '德令哈市', '425'), ('2833', '乌兰县', '425'), ('2834', '都兰县', '425'), ('2835', '天峻县', '425'), ('2836', '城关区', '426'), ('2837', '林周县', '426'), ('2838', '当雄县', '426'), ('2839', '尼木县', '426'), ('2840', '曲水县', '426'), ('2841', '堆龙德庆县', '426'), ('2842', '达孜县', '426'), ('2843', '墨竹工卡县', '426'), ('2844', '昌都县', '427'), ('2845', '江达县', '427'), ('2846', '贡觉县', '427'), ('2847', '类乌齐县', '427'), ('2848', '丁青县', '427'), ('2849', '察雅县', '427'), ('2850', '八宿县', '427'), ('2851', '左贡县', '427'), ('2852', '芒康县', '427'), ('2853', '洛隆县', '427'), ('2854', '边坝县', '427'), ('2855', '乃东县', '428'), ('2856', '扎囊县', '428'), ('2857', '贡嘎县', '428'), ('2858', '桑日县', '428'), ('2859', '琼结县', '428'), ('2860', '曲松县', '428'), ('2861', '措美县', '428'), ('2862', '洛扎县', '428'), ('2863', '加查县', '428'), ('2864', '隆子县', '428'), ('2865', '错那县', '428'), ('2866', '浪卡子县', '428'), ('2867', '日喀则市', '429'), ('2868', '南木林县', '429'), ('2869', '江孜县', '429'), ('2870', '定日县', '429'), ('2871', '萨迦县', '429'), ('2872', '拉孜县', '429'), ('2873', '昂仁县', '429'), ('2874', '谢通门县', '429'), ('2875', '白朗县', '429'), ('2876', '仁布县', '429'), ('2877', '康马县', '429'), ('2878', '定结县', '429'), ('2879', '仲巴县', '429'), ('2880', '亚东县', '429'), ('2881', '吉隆县', '429'), ('2882', '聂拉木县', '429'), ('2883', '萨嘎县', '429'), ('2884', '岗巴县', '429'), ('2885', '那曲县', '430'), ('2886', '嘉黎县', '430'), ('2887', '比如县', '430'), ('2888', '聂荣县', '430'), ('2889', '安多县', '430'), ('2890', '申扎县', '430'), ('2891', '索县', '430'), ('2892', '班戈县', '430'), ('2893', '巴青县', '430'), ('2894', '尼玛县', '430'), ('2895', '普兰县', '431'), ('2896', '札达县', '431'), ('2897', '噶尔县', '431'), ('2898', '日土县', '431'), ('2899', '革吉县', '431'), ('2900', '改则县', '431'), ('2901', '措勤县', '431'), ('2902', '林芝县', '432'), ('2903', '工布江达县', '432'), ('2904', '米林县', '432'), ('2905', '墨脱县', '432'), ('2906', '波密县', '432'), ('2907', '察隅县', '432'), ('2908', '朗县', '432'), ('2909', '天山区', '433'), ('2910', '沙依巴克区', '433'), ('2911', '新市区', '433'), ('2912', '水磨沟区', '433'), ('2913', '头屯河区', '433'), ('2914', '达坂城区', '433'), ('2915', '东山区', '433'), ('2916', '乌鲁木齐县', '433'), ('2917', '独山子区', '434'), ('2918', '克拉玛依区', '434'), ('2919', '白碱滩区', '434'), ('2920', '乌尔禾区', '434'), ('2921', '吐鲁番市', '435'), ('2922', '鄯善县', '435'), ('2923', '托克逊县', '435'), ('2924', '哈密市', '436'), ('2925', '巴里坤哈萨克自治县', '436'), ('2926', '伊吾县', '436'), ('2927', '昌吉市', '437'), ('2928', '阜康市', '437'), ('2929', '米泉市', '437'), ('2930', '呼图壁县', '437'), ('2931', '玛纳斯县', '437'), ('2932', '奇台县', '437'), ('2933', '吉木萨尔县', '437'), ('2934', '木垒哈萨克自治县', '437'), ('2935', '博乐市', '438'), ('2936', '精河县', '438'), ('2937', '温泉县', '438'), ('2938', '库尔勒市', '439'), ('2939', '轮台县', '439'), ('2940', '尉犁县', '439'), ('2941', '若羌县', '439'), ('2942', '且末县', '439'), ('2943', '焉耆回族自治县', '439'), ('2944', '和静县', '439'), ('2945', '和硕县', '439'), ('2946', '博湖县', '439'), ('2947', '阿克苏市', '440'), ('2948', '温宿县', '440'), ('2949', '库车县', '440'), ('2950', '沙雅县', '440'), ('2951', '新和县', '440'), ('2952', '拜城县', '440'), ('2953', '乌什县', '440'), ('2954', '阿瓦提县', '440'), ('2955', '柯坪县', '440'), ('2956', '阿图什市', '441'), ('2957', '阿克陶县', '441'), ('2958', '阿合奇县', '441'), ('2959', '乌恰县', '441'), ('2960', '喀什市', '442'), ('2961', '疏附县', '442'), ('2962', '疏勒县', '442'), ('2963', '英吉沙县', '442'), ('2964', '泽普县', '442'), ('2965', '莎车县', '442'), ('2966', '叶城县', '442'), ('2967', '麦盖提县', '442'), ('2968', '岳普湖县', '442'), ('2969', '伽师县', '442'), ('2970', '巴楚县', '442'), ('2971', '塔什库尔干县塔吉克自治', '442'), ('2972', '和田市', '443'), ('2973', '和田县', '443'), ('2974', '墨玉县', '443'), ('2975', '皮山县', '443'), ('2976', '洛浦县', '443'), ('2977', '策勒县', '443'), ('2978', '于田县', '443'), ('2979', '民丰县', '443'), ('2980', '伊宁市', '444'), ('2981', '奎屯市', '444'), ('2982', '伊宁县', '444'), ('2983', '察布查尔锡伯自治县', '444'), ('2984', '霍城县', '444'), ('2985', '巩留县', '444'), ('2986', '新源县', '444'), ('2987', '昭苏县', '444'), ('2988', '特克斯县', '444'), ('2989', '尼勒克县', '444'), ('2990', '塔城市', '445'), ('2991', '乌苏市', '445'), ('2992', '额敏县', '445'), ('2993', '沙湾县', '445'), ('2994', '托里县', '445'), ('2995', '裕民县', '445'), ('2996', '和布克赛尔蒙古自治县', '445'), ('2997', '阿勒泰市', '446'), ('2998', '布尔津县', '446'), ('2999', '富蕴县', '446'), ('3000', '福海县', '446'), ('3001', '哈巴河县', '446'), ('3002', '青河县', '446'), ('3003', '吉木乃县', '446'), ('3004', '石河子市', '447'), ('3005', '阿拉尔市', '448'), ('3006', '图木舒克市', '449'), ('3007', '五家渠市', '450'), ('3008', '瑶海区', '451'), ('3009', '庐阳区', '451'), ('3010', '蜀山区', '451'), ('3011', '包河区', '451'), ('3012', '长丰县', '451'), ('3013', '肥东县', '451'), ('3014', '肥西县', '451'), ('3015', '镜湖区', '452'), ('3016', '弋江区', '452'), ('3017', '鸠江区', '452'), ('3018', '三山区', '452'), ('3019', '芜湖县', '452'), ('3020', '繁昌县', '452'), ('3021', '南陵县', '452'), ('3022', '龙子湖区', '453'), ('3023', '蚌山区', '453'), ('3024', '禹会区', '453'), ('3025', '淮上区', '453'), ('3026', '怀远县', '453'), ('3027', '五河县', '453'), ('3028', '固镇县', '453'), ('3029', '大通区', '454'), ('3030', '田家庵区', '454'), ('3031', '谢家集区', '454'), ('3032', '八公山区', '454'), ('3033', '潘集区', '454'), ('3034', '凤台县', '454'), ('3035', '金家庄区', '455'), ('3036', '花山区', '455'), ('3037', '雨山区', '455'), ('3038', '当涂县', '455'), ('3039', '杜集区', '456'), ('3040', '相山区', '456'), ('3041', '烈山区', '456'), ('3042', '濉溪县', '456'), ('3043', '铜官山区', '457'), ('3044', '狮子山区', '457'), ('3045', '郊区', '457'), ('3046', '铜陵县', '457'), ('3047', '迎江区', '458'), ('3048', '大观区', '458'), ('3049', '宜秀区', '458'), ('3050', '怀宁县', '458'), ('3051', '枞阳县', '458'), ('3052', '潜山县', '458'), ('3053', '太湖县', '458'), ('3054', '宿松县', '458'), ('3055', '望江县', '458'), ('3056', '岳西县', '458'), ('3057', '桐城市', '458'), ('3058', '屯溪区', '459'), ('3059', '黄山区', '459'), ('3060', '徽州区', '459'), ('3061', '歙县', '459'), ('3062', '休宁县', '459'), ('3063', '黟县', '459'), ('3064', '祁门县', '459'), ('3065', '琅琊区', '460'), ('3066', '南谯区', '460'), ('3067', '来安县', '460'), ('3068', '全椒县', '460'), ('3069', '定远县', '460'), ('3070', '凤阳县', '460'), ('3071', '天长市', '460'), ('3072', '明光市', '460'), ('3073', '颍州区', '461'), ('3074', '颍东区', '461'), ('3075', '颍泉区', '461'), ('3076', '临泉县', '461'), ('3077', '太和县', '461'), ('3078', '阜南县', '461'), ('3079', '颍上县', '461'), ('3080', '界首市', '461'), ('3081', '埇桥区', '462'), ('3082', '砀山县', '462'), ('3083', '萧县', '462'), ('3084', '灵璧县', '462'), ('3085', '泗县', '462'), ('3086', '居巢区', '463'), ('3087', '庐江县', '463'), ('3088', '无为县', '463'), ('3089', '含山县', '463'), ('3090', '和县', '463'), ('3091', '金安区', '464'), ('3092', '裕安区', '464'), ('3093', '寿县', '464'), ('3094', '霍邱县', '464'), ('3095', '舒城县', '464'), ('3096', '金寨县', '464'), ('3097', '霍山县', '464'), ('3098', '谯城区', '465'), ('3099', '涡阳县', '465'), ('3100', '蒙城县', '465'), ('3101', '利辛县', '465'), ('3102', '贵池区', '466'), ('3103', '东至县', '466'), ('3104', '石台县', '466'), ('3105', '青阳县', '466'), ('3106', '宣州区', '467'), ('3107', '郎溪县', '467'), ('3108', '广德县', '467'), ('3109', '泾县', '467'), ('3110', '绩溪县', '467'), ('3111', '旌德县', '467'), ('3112', '宁国市', '467'), ('3113', '上城区', '468'), ('3114', '下城区', '468'), ('3115', '江干区', '468'), ('3116', '拱墅区', '468'), ('3117', '西湖区', '468'), ('3118', '滨江区', '468'), ('3119', '萧山区', '468'), ('3120', '余杭区', '468'), ('3121', '桐庐县', '468'), ('3122', '淳安县', '468'), ('3123', '建德市', '468'), ('3124', '富阳市', '468'), ('3125', '临安市', '468'), ('3126', '海曙区', '469'), ('3127', '江东区', '469'), ('3128', '江北区', '469'), ('3129', '北仑区', '469'), ('3130', '镇海区', '469'), ('3131', '鄞州区', '469'), ('3132', '象山县', '469'), ('3133', '宁海县', '469'), ('3134', '余姚市', '469'), ('3135', '慈溪市', '469'), ('3136', '奉化市', '469'), ('3137', '鹿城区', '470'), ('3138', '龙湾区', '470'), ('3139', '瓯海区', '470'), ('3140', '洞头县', '470'), ('3141', '永嘉县', '470'), ('3142', '平阳县', '470'), ('3143', '苍南县', '470'), ('3144', '文成县', '470'), ('3145', '泰顺县', '470'), ('3146', '瑞安市', '470'), ('3147', '乐清市', '470'), ('3148', '秀城区', '471'), ('3149', '秀洲区', '471'), ('3150', '嘉善县', '471'), ('3151', '海盐县', '471'), ('3152', '海宁市', '471'), ('3153', '平湖市', '471'), ('3154', '桐乡市', '471'), ('3155', '吴兴区', '472'), ('3156', '南浔区', '472'), ('3157', '德清县', '472'), ('3158', '长兴县', '472'), ('3159', '安吉县', '472'), ('3160', '越城区', '473'), ('3161', '绍兴县', '473'), ('3162', '新昌县', '473'), ('3163', '诸暨市', '473'), ('3164', '上虞市', '473'), ('3165', '嵊州市', '473'), ('3166', '婺城区', '474'), ('3167', '金东区', '474'), ('3168', '武义县', '474'), ('3169', '浦江县', '474'), ('3170', '磐安县', '474'), ('3171', '兰溪市', '474'), ('3172', '义乌市', '474'), ('3173', '东阳市', '474'), ('3174', '永康市', '474'), ('3175', '柯城区', '475'), ('3176', '衢江区', '475'), ('3177', '常山县', '475'), ('3178', '开化县', '475'), ('3179', '龙游县', '475'), ('3180', '江山市', '475'), ('3181', '定海区', '476'), ('3182', '普陀区', '476'), ('3183', '岱山县', '476'), ('3184', '嵊泗县', '476'), ('3185', '椒江区', '477'), ('3186', '黄岩区', '477'), ('3187', '路桥区', '477'), ('3188', '玉环县', '477'), ('3189', '三门县', '477'), ('3190', '天台县', '477'), ('3191', '仙居县', '477'), ('3192', '温岭市', '477'), ('3193', '临海市', '477'), ('3194', '莲都区', '478'), ('3195', '青田县', '478'), ('3196', '缙云县', '478'), ('3197', '遂昌县', '478'), ('3198', '松阳县', '478'), ('3199', '云和县', '478'), ('3200', '庆元县', '478'), ('3201', '景宁畲族自治县', '478'), ('3202', '龙泉市', '478'), ('3203', '鼓楼区', '479'), ('3204', '台江区', '479'), ('3205', '仓山区', '479'), ('3206', '马尾区', '479'), ('3207', '晋安区', '479'), ('3208', '闽侯县', '479'), ('3209', '连江县', '479'), ('3210', '罗源县', '479'), ('3211', '闽清县', '479'), ('3212', '永泰县', '479'), ('3213', '平潭县', '479'), ('3214', '福清市', '479'), ('3215', '长乐市', '479'), ('3216', '思明区', '480'), ('3217', '海沧区', '480'), ('3218', '湖里区', '480'), ('3219', '集美区', '480'), ('3220', '同安区', '480'), ('3221', '翔安区', '480'), ('3222', '城厢区', '481'), ('3223', '涵江区', '481'), ('3224', '荔城区', '481'), ('3225', '秀屿区', '481'), ('3226', '仙游县', '481'), ('3227', '梅列区', '482'), ('3228', '三元区', '482'), ('3229', '明溪县', '482'), ('3230', '清流县', '482'), ('3231', '宁化县', '482'), ('3232', '大田县', '482'), ('3233', '尤溪县', '482'), ('3234', '沙县', '482'), ('3235', '将乐县', '482'), ('3236', '泰宁县', '482'), ('3237', '建宁县', '482'), ('3238', '永安市', '482'), ('3239', '鲤城区', '483'), ('3240', '丰泽区', '483'), ('3241', '洛江区', '483'), ('3242', '泉港区', '483'), ('3243', '惠安县', '483'), ('3244', '安溪县', '483'), ('3245', '永春县', '483'), ('3246', '德化县', '483'), ('3247', '金门县', '483'), ('3248', '石狮市', '483'), ('3249', '晋江市', '483'), ('3250', '南安市', '483'), ('3251', '芗城区', '484'), ('3252', '龙文区', '484'), ('3253', '云霄县', '484'), ('3254', '漳浦县', '484'), ('3255', '诏安县', '484'), ('3256', '长泰县', '484'), ('3257', '东山县', '484'), ('3258', '南靖县', '484'), ('3259', '平和县', '484'), ('3260', '华安县', '484'), ('3261', '龙海市', '484'), ('3262', '延平区', '485'), ('3263', '顺昌县', '485'), ('3264', '浦城县', '485'), ('3265', '光泽县', '485'), ('3266', '松溪县', '485'), ('3267', '政和县', '485'), ('3268', '邵武市', '485'), ('3269', '武夷山市', '485'), ('3270', '建瓯市', '485'), ('3271', '建阳市', '485'), ('3272', '新罗区', '486'), ('3273', '长汀县', '486'), ('3274', '永定县', '486'), ('3275', '上杭县', '486'), ('3276', '武平县', '486'), ('3277', '连城县', '486'), ('3278', '漳平市', '486'), ('3279', '蕉城区', '487'), ('3280', '霞浦县', '487'), ('3281', '古田县', '487'), ('3282', '屏南县', '487'), ('3283', '寿宁县', '487'), ('3284', '周宁县', '487'), ('3285', '柘荣县', '487'), ('3286', '福安市', '487'), ('3287', '福鼎市', '487'), ('3288', '中国', '0');
COMMIT;
